gene	group	id	start	end	molecule	type	direction	base	lineage	print_lineage	fudge	min_score	max_trs_gap
embB	BCG	BCG_embB	4247173	4247173	nt	snp	Forward	A	bovis_embB_G->A	False	0	0	0
gyrA	BCG	BCG_gyrA	8624	8624	nt	snp	Forward	T	BCG_gryA_G->T	False	0	0	0
ndh	BCG	BCG_ndh	2102106	2102106	nt	snp	Reverse	G	BCG_ndh_C->G	False	0	0	0
rpsL	BCG	BCG_rpsL	781568	781568	nt	snp	Forward	T	BCG_rpsL_C->T	False	0	0	0
gyrA	bovis	bovis_gyrA	9217	9217	nt	snp	Forward	C	bovis_gyrA_A->C	False	0	0	0
hsp65	hsp65	431_G	528787	528787	nt	snp	Forward	G	431_G	False	0	0	0
hsp65	hsp65	431_C	528787	528787	nt	snp	Forward	C	431_C	False	0	0	0
hsp65	hsp65	432_C	528788	528788	nt	snp	Forward	C	432_C	False	0	0	0
hsp65	hsp65	432_C	528788	528788	nt	snp	Forward	C	432_C	False	0	0	0
hsp65	hsp65	433_T	528789	528789	nt	snp	Forward	T	433_T	False	0	0	0
hsp65	hsp65	433_C	528789	528789	nt	snp	Forward	C	433_C	False	0	0	0
hsp65	hsp65	433_G	528789	528789	nt	snp	Forward	G	433_G	False	0	0	0
hsp65	hsp65	434_G	528790	528790	nt	snp	Forward	G	434_G	False	0	0	0
hsp65	hsp65	434_C	528790	528790	nt	snp	Forward	C	434_C	False	0	0	0
hsp65	hsp65	435_G	528791	528791	nt	snp	Forward	G	435_G	False	0	0	0
hsp65	hsp65	435_C	528791	528791	nt	snp	Forward	C	435_C	False	0	0	0
hsp65	hsp65	435_T	528791	528791	nt	snp	Forward	T	435_T	False	0	0	0
hsp65	hsp65	436_A	528792	528792	nt	snp	Forward	A	436_A	False	0	0	0
hsp65	hsp65	436_A	528792	528792	nt	snp	Forward	A	436_A	False	0	0	0
hsp65	hsp65	436_C	528792	528792	nt	snp	Forward	C	436_C	False	0	0	0
hsp65	hsp65	436_T	528792	528792	nt	snp	Forward	T	436_T	False	0	0	0
hsp65	hsp65	437_G	528793	528793	nt	snp	Forward	G	437_G	False	0	0	0
hsp65	hsp65	437_A	528793	528793	nt	snp	Forward	A	437_A	False	0	0	0
hsp65	hsp65	437_C	528793	528793	nt	snp	Forward	C	437_C	False	0	0	0
hsp65	hsp65	437_T	528793	528793	nt	snp	Forward	T	437_T	False	0	0	0
hsp65	hsp65	438_G	528794	528794	nt	snp	Forward	G	438_G	False	0	0	0
hsp65	hsp65	438_C	528794	528794	nt	snp	Forward	C	438_C	False	0	0	0
hsp65	hsp65	439_A	528795	528795	nt	snp	Forward	A	439_A	False	0	0	0
hsp65	hsp65	439_C	528795	528795	nt	snp	Forward	C	439_C	False	0	0	0
hsp65	hsp65	440_T	528796	528796	nt	snp	Forward	T	440_T	False	0	0	0
hsp65	hsp65	440_C	528796	528796	nt	snp	Forward	C	440_C	False	0	0	0
hsp65	hsp65	442_C	528798	528798	nt	snp	Forward	C	442_C	False	0	0	0
hsp65	hsp65	442_A	528798	528798	nt	snp	Forward	A	442_A	False	0	0	0
hsp65	hsp65	442_C	528798	528798	nt	snp	Forward	C	442_C	False	0	0	0
hsp65	hsp65	443_G	528799	528799	nt	snp	Forward	G	443_G	False	0	0	0
hsp65	hsp65	443_A	528799	528799	nt	snp	Forward	A	443_A	False	0	0	0
hsp65	hsp65	443_C	528799	528799	nt	snp	Forward	C	443_C	False	0	0	0
hsp65	hsp65	444_T	528800	528800	nt	snp	Forward	T	444_T	False	0	0	0
hsp65	hsp65	444_A	528800	528800	nt	snp	Forward	A	444_A	False	0	0	0
hsp65	hsp65	445_A	528801	528801	nt	snp	Forward	A	445_A	False	0	0	0
hsp65	hsp65	445_A	528801	528801	nt	snp	Forward	A	445_A	False	0	0	0
hsp65	hsp65	446_C	528802	528802	nt	snp	Forward	C	446_C	False	0	0	0
hsp65	hsp65	446_A	528802	528802	nt	snp	Forward	A	446_A	False	0	0	0
hsp65	hsp65	446_T	528802	528802	nt	snp	Forward	T	446_T	False	0	0	0
hsp65	hsp65	447_G	528803	528803	nt	snp	Forward	G	447_G	False	0	0	0
hsp65	hsp65	447_A	528803	528803	nt	snp	Forward	A	447_A	False	0	0	0
hsp65	hsp65	451_A	528807	528807	nt	snp	Forward	A	451_A	False	0	0	0
hsp65	hsp65	451_T	528807	528807	nt	snp	Forward	T	451_T	False	0	0	0
hsp65	hsp65	452_G	528808	528808	nt	snp	Forward	G	452_G	False	0	0	0
hsp65	hsp65	452_T	528808	528808	nt	snp	Forward	T	452_T	False	0	0	0
hsp65	hsp65	453_A	528809	528809	nt	snp	Forward	A	453_A	False	0	0	0
hsp65	hsp65	453_A	528809	528809	nt	snp	Forward	A	453_A	False	0	0	0
hsp65	hsp65	453_T	528809	528809	nt	snp	Forward	T	453_T	False	0	0	0
hsp65	hsp65	454_T	528810	528810	nt	snp	Forward	T	454_T	False	0	0	0
hsp65	hsp65	454_T	528810	528810	nt	snp	Forward	T	454_T	False	0	0	0
hsp65	hsp65	455_C	528811	528811	nt	snp	Forward	C	455_C	False	0	0	0
hsp65	hsp65	455_T	528811	528811	nt	snp	Forward	T	455_T	False	0	0	0
hsp65	hsp65	456_G	528812	528812	nt	snp	Forward	G	456_G	False	0	0	0
hsp65	hsp65	456_T	528812	528812	nt	snp	Forward	T	456_T	False	0	0	0
hsp65	hsp65	457_G	528813	528813	nt	snp	Forward	G	457_G	False	0	0	0
hsp65	hsp65	457_T	528813	528813	nt	snp	Forward	T	457_T	False	0	0	0
hsp65	hsp65	458_C	528814	528814	nt	snp	Forward	C	458_C	False	0	0	0
hsp65	hsp65	458_T	528814	528814	nt	snp	Forward	T	458_T	False	0	0	0
hsp65	hsp65	459_G	528815	528815	nt	snp	Forward	G	459_G	False	0	0	0
hsp65	hsp65	459_A	528815	528815	nt	snp	Forward	A	459_A	False	0	0	0
hsp65	hsp65	459_T	528815	528815	nt	snp	Forward	T	459_T	False	0	0	0
hsp65	hsp65	461_C	528817	528817	nt	snp	Forward	C	461_C	False	0	0	0
hsp65	hsp65	461_T	528817	528817	nt	snp	Forward	T	461_T	False	0	0	0
hsp65	hsp65	462_G	528818	528818	nt	snp	Forward	G	462_G	False	0	0	0
hsp65	hsp65	462_C	528818	528818	nt	snp	Forward	C	462_C	False	0	0	0
hsp65	hsp65	462_T	528818	528818	nt	snp	Forward	T	462_T	False	0	0	0
hsp65	hsp65	463_A	528819	528819	nt	snp	Forward	A	463_A	False	0	0	0
hsp65	hsp65	463_A	528819	528819	nt	snp	Forward	A	463_A	False	0	0	0
hsp65	hsp65	463_C	528819	528819	nt	snp	Forward	C	463_C	False	0	0	0
hsp65	hsp65	464_G	528820	528820	nt	snp	Forward	G	464_G	False	0	0	0
hsp65	hsp65	464_C	528820	528820	nt	snp	Forward	C	464_C	False	0	0	0
hsp65	hsp65	464_G	528820	528820	nt	snp	Forward	G	464_G	False	0	0	0
hsp65	hsp65	465_C	528821	528821	nt	snp	Forward	C	465_C	False	0	0	0
hsp65	hsp65	465_C	528821	528821	nt	snp	Forward	C	465_C	False	0	0	0
hsp65	hsp65	465_G	528821	528821	nt	snp	Forward	G	465_G	False	0	0	0
hsp65	hsp65	466_T	528822	528822	nt	snp	Forward	T	466_T	False	0	0	0
hsp65	hsp65	466_C	528822	528822	nt	snp	Forward	C	466_C	False	0	0	0
hsp65	hsp65	466_G	528822	528822	nt	snp	Forward	G	466_G	False	0	0	0
hsp65	hsp65	467_G	528823	528823	nt	snp	Forward	G	467_G	False	0	0	0
hsp65	hsp65	467_C	528823	528823	nt	snp	Forward	C	467_C	False	0	0	0
hsp65	hsp65	467_G	528823	528823	nt	snp	Forward	G	467_G	False	0	0	0
hsp65	hsp65	467_T	528823	528823	nt	snp	Forward	T	467_T	False	0	0	0
hsp65	hsp65	468_G	528824	528824	nt	snp	Forward	G	468_G	False	0	0	0
hsp65	hsp65	468_A	528824	528824	nt	snp	Forward	A	468_A	False	0	0	0
hsp65	hsp65	468_G	528824	528824	nt	snp	Forward	G	468_G	False	0	0	0
hsp65	hsp65	469_T	528825	528825	nt	snp	Forward	T	469_T	False	0	0	0
hsp65	hsp65	469_A	528825	528825	nt	snp	Forward	A	469_A	False	0	0	0
hsp65	hsp65	469_G	528825	528825	nt	snp	Forward	G	469_G	False	0	0	0
hsp65	hsp65	470_C	528826	528826	nt	snp	Forward	C	470_C	False	0	0	0
hsp65	hsp65	470_A	528826	528826	nt	snp	Forward	A	470_A	False	0	0	0
hsp65	hsp65	471_A	528827	528827	nt	snp	Forward	A	471_A	False	0	0	0
hsp65	hsp65	471_C	528827	528827	nt	snp	Forward	C	471_C	False	0	0	0
hsp65	hsp65	471_G	528827	528827	nt	snp	Forward	G	471_G	False	0	0	0
hsp65	hsp65	472_A	528828	528828	nt	snp	Forward	A	472_A	False	0	0	0
hsp65	hsp65	472_A	528828	528828	nt	snp	Forward	A	472_A	False	0	0	0
hsp65	hsp65	472_C	528828	528828	nt	snp	Forward	C	472_C	False	0	0	0
hsp65	hsp65	472_G	528828	528828	nt	snp	Forward	G	472_G	False	0	0	0
hsp65	hsp65	473_A	528829	528829	nt	snp	Forward	A	473_A	False	0	0	0
hsp65	hsp65	473_A	528829	528829	nt	snp	Forward	A	473_A	False	0	0	0
hsp65	hsp65	473_C	528829	528829	nt	snp	Forward	C	473_C	False	0	0	0
hsp65	hsp65	473_G	528829	528829	nt	snp	Forward	G	473_G	False	0	0	0
hsp65	hsp65	473_T	528829	528829	nt	snp	Forward	T	473_T	False	0	0	0
hsp65	hsp65	474_G	528830	528830	nt	snp	Forward	G	474_G	False	0	0	0
hsp65	hsp65	474_A	528830	528830	nt	snp	Forward	A	474_A	False	0	0	0
hsp65	hsp65	474_C	528830	528830	nt	snp	Forward	C	474_C	False	0	0	0
hsp65	hsp65	474_T	528830	528830	nt	snp	Forward	T	474_T	False	0	0	0
hsp65	hsp65	475_A	528831	528831	nt	snp	Forward	A	475_A	False	0	0	0
hsp65	hsp65	475_A	528831	528831	nt	snp	Forward	A	475_A	False	0	0	0
hsp65	hsp65	475_C	528831	528831	nt	snp	Forward	C	475_C	False	0	0	0
hsp65	hsp65	475_T	528831	528831	nt	snp	Forward	T	475_T	False	0	0	0
hsp65	hsp65	476_G	528832	528832	nt	snp	Forward	G	476_G	False	0	0	0
hsp65	hsp65	476_A	528832	528832	nt	snp	Forward	A	476_A	False	0	0	0
hsp65	hsp65	476_C	528832	528832	nt	snp	Forward	C	476_C	False	0	0	0
hsp65	hsp65	476_T	528832	528832	nt	snp	Forward	T	476_T	False	0	0	0
hsp65	hsp65	477_G	528833	528833	nt	snp	Forward	G	477_G	False	0	0	0
hsp65	hsp65	477_C	528833	528833	nt	snp	Forward	C	477_C	False	0	0	0
hsp65	hsp65	477_T	528833	528833	nt	snp	Forward	T	477_T	False	0	0	0
hsp65	hsp65	478_T	528834	528834	nt	snp	Forward	T	478_T	False	0	0	0
hsp65	hsp65	478_C	528834	528834	nt	snp	Forward	C	478_C	False	0	0	0
hsp65	hsp65	478_T	528834	528834	nt	snp	Forward	T	478_T	False	0	0	0
hsp65	hsp65	479_A	528835	528835	nt	snp	Forward	A	479_A	False	0	0	0
hsp65	hsp65	479_C	528835	528835	nt	snp	Forward	C	479_C	False	0	0	0
hsp65	hsp65	479_G	528835	528835	nt	snp	Forward	G	479_G	False	0	0	0
hsp65	hsp65	479_T	528835	528835	nt	snp	Forward	T	479_T	False	0	0	0
hsp65	hsp65	482_C	528838	528838	nt	snp	Forward	C	482_C	False	0	0	0
hsp65	hsp65	482_A	528838	528838	nt	snp	Forward	A	482_A	False	0	0	0
hsp65	hsp65	482_T	528838	528838	nt	snp	Forward	T	482_T	False	0	0	0
hsp65	hsp65	483_A	528839	528839	nt	snp	Forward	A	483_A	False	0	0	0
hsp65	hsp65	483_A	528839	528839	nt	snp	Forward	A	483_A	False	0	0	0
hsp65	hsp65	483_G	528839	528839	nt	snp	Forward	G	483_G	False	0	0	0
hsp65	hsp65	483_T	528839	528839	nt	snp	Forward	T	483_T	False	0	0	0
hsp65	hsp65	484_A	528840	528840	nt	snp	Forward	A	484_A	False	0	0	0
hsp65	hsp65	484_T	528840	528840	nt	snp	Forward	T	484_T	False	0	0	0
hsp65	hsp65	485_G	528841	528841	nt	snp	Forward	G	485_G	False	0	0	0
hsp65	hsp65	485_C	528841	528841	nt	snp	Forward	C	485_C	False	0	0	0
hsp65	hsp65	485_G	528841	528841	nt	snp	Forward	G	485_G	False	0	0	0
hsp65	hsp65	485_T	528841	528841	nt	snp	Forward	T	485_T	False	0	0	0
hsp65	hsp65	486_A	528842	528842	nt	snp	Forward	A	486_A	False	0	0	0
hsp65	hsp65	486_C	528842	528842	nt	snp	Forward	C	486_C	False	0	0	0
hsp65	hsp65	486_G	528842	528842	nt	snp	Forward	G	486_G	False	0	0	0
hsp65	hsp65	486_T	528842	528842	nt	snp	Forward	T	486_T	False	0	0	0
hsp65	hsp65	487_A	528843	528843	nt	snp	Forward	A	487_A	False	0	0	0
hsp65	hsp65	487_A	528843	528843	nt	snp	Forward	A	487_A	False	0	0	0
hsp65	hsp65	487_C	528843	528843	nt	snp	Forward	C	487_C	False	0	0	0
hsp65	hsp65	488_G	528844	528844	nt	snp	Forward	G	488_G	False	0	0	0
hsp65	hsp65	488_C	528844	528844	nt	snp	Forward	C	488_C	False	0	0	0
hsp65	hsp65	489_A	528845	528845	nt	snp	Forward	A	489_A	False	0	0	0
hsp65	hsp65	489_C	528845	528845	nt	snp	Forward	C	489_C	False	0	0	0
hsp65	hsp65	489_T	528845	528845	nt	snp	Forward	T	489_T	False	0	0	0
hsp65	hsp65	490_C	528846	528846	nt	snp	Forward	C	490_C	False	0	0	0
hsp65	hsp65	490_C	528846	528846	nt	snp	Forward	C	490_C	False	0	0	0
hsp65	hsp65	491_C	528847	528847	nt	snp	Forward	C	491_C	False	0	0	0
hsp65	hsp65	491_C	528847	528847	nt	snp	Forward	C	491_C	False	0	0	0
hsp65	hsp65	491_G	528847	528847	nt	snp	Forward	G	491_G	False	0	0	0
hsp65	hsp65	491_T	528847	528847	nt	snp	Forward	T	491_T	False	0	0	0
hsp65	hsp65	492_G	528848	528848	nt	snp	Forward	G	492_G	False	0	0	0
hsp65	hsp65	492_C	528848	528848	nt	snp	Forward	C	492_C	False	0	0	0
hsp65	hsp65	492_G	528848	528848	nt	snp	Forward	G	492_G	False	0	0	0
hsp65	hsp65	492_T	528848	528848	nt	snp	Forward	T	492_T	False	0	0	0
hsp65	hsp65	493_A	528849	528849	nt	snp	Forward	A	493_A	False	0	0	0
hsp65	hsp65	493_C	528849	528849	nt	snp	Forward	C	493_C	False	0	0	0
hsp65	hsp65	493_T	528849	528849	nt	snp	Forward	T	493_T	False	0	0	0
hsp65	hsp65	494_T	528850	528850	nt	snp	Forward	T	494_T	False	0	0	0
hsp65	hsp65	494_C	528850	528850	nt	snp	Forward	C	494_C	False	0	0	0
hsp65	hsp65	494_G	528850	528850	nt	snp	Forward	G	494_G	False	0	0	0
hsp65	hsp65	494_T	528850	528850	nt	snp	Forward	T	494_T	False	0	0	0
hsp65	hsp65	495_G	528851	528851	nt	snp	Forward	G	495_G	False	0	0	0
hsp65	hsp65	495_G	528851	528851	nt	snp	Forward	G	495_G	False	0	0	0
hsp65	hsp65	495_T	528851	528851	nt	snp	Forward	T	495_T	False	0	0	0
hsp65	hsp65	496_A	528852	528852	nt	snp	Forward	A	496_A	False	0	0	0
hsp65	hsp65	496_A	528852	528852	nt	snp	Forward	A	496_A	False	0	0	0
hsp65	hsp65	496_G	528852	528852	nt	snp	Forward	G	496_G	False	0	0	0
hsp65	hsp65	496_T	528852	528852	nt	snp	Forward	T	496_T	False	0	0	0
hsp65	hsp65	497_C	528853	528853	nt	snp	Forward	C	497_C	False	0	0	0
hsp65	hsp65	497_G	528853	528853	nt	snp	Forward	G	497_G	False	0	0	0
hsp65	hsp65	497_T	528853	528853	nt	snp	Forward	T	497_T	False	0	0	0
hsp65	hsp65	498_G	528854	528854	nt	snp	Forward	G	498_G	False	0	0	0
hsp65	hsp65	498_G	528854	528854	nt	snp	Forward	G	498_G	False	0	0	0
hsp65	hsp65	499_T	528855	528855	nt	snp	Forward	T	499_T	False	0	0	0
hsp65	hsp65	499_A	528855	528855	nt	snp	Forward	A	499_A	False	0	0	0
hsp65	hsp65	499_C	528855	528855	nt	snp	Forward	C	499_C	False	0	0	0
hsp65	hsp65	499_G	528855	528855	nt	snp	Forward	G	499_G	False	0	0	0
hsp65	hsp65	500_C	528856	528856	nt	snp	Forward	C	500_C	False	0	0	0
hsp65	hsp65	500_C	528856	528856	nt	snp	Forward	C	500_C	False	0	0	0
hsp65	hsp65	500_G	528856	528856	nt	snp	Forward	G	500_G	False	0	0	0
hsp65	hsp65	501_G	528857	528857	nt	snp	Forward	G	501_G	False	0	0	0
hsp65	hsp65	501_C	528857	528857	nt	snp	Forward	C	501_C	False	0	0	0
hsp65	hsp65	501_G	528857	528857	nt	snp	Forward	G	501_G	False	0	0	0
hsp65	hsp65	501_T	528857	528857	nt	snp	Forward	T	501_T	False	0	0	0
hsp65	hsp65	502_C	528858	528858	nt	snp	Forward	C	502_C	False	0	0	0
hsp65	hsp65	502_A	528858	528858	nt	snp	Forward	A	502_A	False	0	0	0
hsp65	hsp65	502_C	528858	528858	nt	snp	Forward	C	502_C	False	0	0	0
hsp65	hsp65	502_G	528858	528858	nt	snp	Forward	G	502_G	False	0	0	0
hsp65	hsp65	502_T	528858	528858	nt	snp	Forward	T	502_T	False	0	0	0
hsp65	hsp65	503_C	528859	528859	nt	snp	Forward	C	503_C	False	0	0	0
hsp65	hsp65	503_A	528859	528859	nt	snp	Forward	A	503_A	False	0	0	0
hsp65	hsp65	503_C	528859	528859	nt	snp	Forward	C	503_C	False	0	0	0
hsp65	hsp65	503_G	528859	528859	nt	snp	Forward	G	503_G	False	0	0	0
hsp65	hsp65	503_T	528859	528859	nt	snp	Forward	T	503_T	False	0	0	0
hsp65	hsp65	504_G	528860	528860	nt	snp	Forward	G	504_G	False	0	0	0
hsp65	hsp65	504_A	528860	528860	nt	snp	Forward	A	504_A	False	0	0	0
hsp65	hsp65	504_C	528860	528860	nt	snp	Forward	C	504_C	False	0	0	0
hsp65	hsp65	504_T	528860	528860	nt	snp	Forward	T	504_T	False	0	0	0
hsp65	hsp65	505_G	528861	528861	nt	snp	Forward	G	505_G	False	0	0	0
hsp65	hsp65	505_A	528861	528861	nt	snp	Forward	A	505_A	False	0	0	0
hsp65	hsp65	505_C	528861	528861	nt	snp	Forward	C	505_C	False	0	0	0
hsp65	hsp65	505_G	528861	528861	nt	snp	Forward	G	505_G	False	0	0	0
hsp65	hsp65	505_T	528861	528861	nt	snp	Forward	T	505_T	False	0	0	0
hsp65	hsp65	506_T	528862	528862	nt	snp	Forward	T	506_T	False	0	0	0
hsp65	hsp65	506_A	528862	528862	nt	snp	Forward	A	506_A	False	0	0	0
hsp65	hsp65	506_C	528862	528862	nt	snp	Forward	C	506_C	False	0	0	0
hsp65	hsp65	506_G	528862	528862	nt	snp	Forward	G	506_G	False	0	0	0
hsp65	hsp65	506_T	528862	528862	nt	snp	Forward	T	506_T	False	0	0	0
hsp65	hsp65	507_G	528863	528863	nt	snp	Forward	G	507_G	False	0	0	0
hsp65	hsp65	507_A	528863	528863	nt	snp	Forward	A	507_A	False	0	0	0
hsp65	hsp65	507_G	528863	528863	nt	snp	Forward	G	507_G	False	0	0	0
hsp65	hsp65	507_T	528863	528863	nt	snp	Forward	T	507_T	False	0	0	0
hsp65	hsp65	508_A	528864	528864	nt	snp	Forward	A	508_A	False	0	0	0
hsp65	hsp65	508_T	528864	528864	nt	snp	Forward	T	508_T	False	0	0	0
hsp65	hsp65	509_C	528865	528865	nt	snp	Forward	C	509_C	False	0	0	0
hsp65	hsp65	509_C	528865	528865	nt	snp	Forward	C	509_C	False	0	0	0
hsp65	hsp65	510_G	528866	528866	nt	snp	Forward	G	510_G	False	0	0	0
hsp65	hsp65	510_C	528866	528866	nt	snp	Forward	C	510_C	False	0	0	0
hsp65	hsp65	511_G	528867	528867	nt	snp	Forward	G	511_G	False	0	0	0
hsp65	hsp65	511_A	528867	528867	nt	snp	Forward	A	511_A	False	0	0	0
hsp65	hsp65	511_C	528867	528867	nt	snp	Forward	C	511_C	False	0	0	0
hsp65	hsp65	511_G	528867	528867	nt	snp	Forward	G	511_G	False	0	0	0
hsp65	hsp65	512_C	528868	528868	nt	snp	Forward	C	512_C	False	0	0	0
hsp65	hsp65	512_C	528868	528868	nt	snp	Forward	C	512_C	False	0	0	0
hsp65	hsp65	512_G	528868	528868	nt	snp	Forward	G	512_G	False	0	0	0
hsp65	hsp65	513_A	528869	528869	nt	snp	Forward	A	513_A	False	0	0	0
hsp65	hsp65	513_C	528869	528869	nt	snp	Forward	C	513_C	False	0	0	0
hsp65	hsp65	513_G	528869	528869	nt	snp	Forward	G	513_G	False	0	0	0
hsp65	hsp65	513_T	528869	528869	nt	snp	Forward	T	513_T	False	0	0	0
hsp65	hsp65	514_C	528870	528870	nt	snp	Forward	C	514_C	False	0	0	0
hsp65	hsp65	514_C	528870	528870	nt	snp	Forward	C	514_C	False	0	0	0
hsp65	hsp65	514_G	528870	528870	nt	snp	Forward	G	514_G	False	0	0	0
hsp65	hsp65	514_T	528870	528870	nt	snp	Forward	T	514_T	False	0	0	0
hsp65	hsp65	515_C	528871	528871	nt	snp	Forward	C	515_C	False	0	0	0
hsp65	hsp65	515_C	528871	528871	nt	snp	Forward	C	515_C	False	0	0	0
hsp65	hsp65	515_G	528871	528871	nt	snp	Forward	G	515_G	False	0	0	0
hsp65	hsp65	515_T	528871	528871	nt	snp	Forward	T	515_T	False	0	0	0
hsp65	hsp65	516_A	528872	528872	nt	snp	Forward	A	516_A	False	0	0	0
hsp65	hsp65	516_C	528872	528872	nt	snp	Forward	C	516_C	False	0	0	0
hsp65	hsp65	516_G	528872	528872	nt	snp	Forward	G	516_G	False	0	0	0
hsp65	hsp65	516_T	528872	528872	nt	snp	Forward	T	516_T	False	0	0	0
hsp65	hsp65	517_C	528873	528873	nt	snp	Forward	C	517_C	False	0	0	0
hsp65	hsp65	517_A	528873	528873	nt	snp	Forward	A	517_A	False	0	0	0
hsp65	hsp65	517_C	528873	528873	nt	snp	Forward	C	517_C	False	0	0	0
hsp65	hsp65	517_G	528873	528873	nt	snp	Forward	G	517_G	False	0	0	0
hsp65	hsp65	518_G	528874	528874	nt	snp	Forward	G	518_G	False	0	0	0
hsp65	hsp65	518_A	528874	528874	nt	snp	Forward	A	518_A	False	0	0	0
hsp65	hsp65	518_C	528874	528874	nt	snp	Forward	C	518_C	False	0	0	0
hsp65	hsp65	518_T	528874	528874	nt	snp	Forward	T	518_T	False	0	0	0
hsp65	hsp65	519_A	528875	528875	nt	snp	Forward	A	519_A	False	0	0	0
hsp65	hsp65	519_C	528875	528875	nt	snp	Forward	C	519_C	False	0	0	0
hsp65	hsp65	520_C	528876	528876	nt	snp	Forward	C	520_C	False	0	0	0
hsp65	hsp65	520_C	528876	528876	nt	snp	Forward	C	520_C	False	0	0	0
hsp65	hsp65	521_G	528877	528877	nt	snp	Forward	G	521_G	False	0	0	0
hsp65	hsp65	521_C	528877	528877	nt	snp	Forward	C	521_C	False	0	0	0
hsp65	hsp65	521_G	528877	528877	nt	snp	Forward	G	521_G	False	0	0	0
hsp65	hsp65	522_G	528878	528878	nt	snp	Forward	G	522_G	False	0	0	0
hsp65	hsp65	522_G	528878	528878	nt	snp	Forward	G	522_G	False	0	0	0
hsp65	hsp65	522_T	528878	528878	nt	snp	Forward	T	522_T	False	0	0	0
hsp65	hsp65	523_C	528879	528879	nt	snp	Forward	C	523_C	False	0	0	0
hsp65	hsp65	523_A	528879	528879	nt	snp	Forward	A	523_A	False	0	0	0
hsp65	hsp65	523_C	528879	528879	nt	snp	Forward	C	523_C	False	0	0	0
hsp65	hsp65	523_G	528879	528879	nt	snp	Forward	G	523_G	False	0	0	0
hsp65	hsp65	523_T	528879	528879	nt	snp	Forward	T	523_T	False	0	0	0
hsp65	hsp65	524_C	528880	528880	nt	snp	Forward	C	524_C	False	0	0	0
hsp65	hsp65	524_A	528880	528880	nt	snp	Forward	A	524_A	False	0	0	0
hsp65	hsp65	524_C	528880	528880	nt	snp	Forward	C	524_C	False	0	0	0
hsp65	hsp65	524_G	528880	528880	nt	snp	Forward	G	524_G	False	0	0	0
hsp65	hsp65	524_T	528880	528880	nt	snp	Forward	T	524_T	False	0	0	0
hsp65	hsp65	525_A	528881	528881	nt	snp	Forward	A	525_A	False	0	0	0
hsp65	hsp65	525_C	528881	528881	nt	snp	Forward	C	525_C	False	0	0	0
hsp65	hsp65	525_G	528881	528881	nt	snp	Forward	G	525_G	False	0	0	0
hsp65	hsp65	525_T	528881	528881	nt	snp	Forward	T	525_T	False	0	0	0
hsp65	hsp65	526_C	528882	528882	nt	snp	Forward	C	526_C	False	0	0	0
hsp65	hsp65	526_C	528882	528882	nt	snp	Forward	C	526_C	False	0	0	0
hsp65	hsp65	526_G	528882	528882	nt	snp	Forward	G	526_G	False	0	0	0
hsp65	hsp65	526_T	528882	528882	nt	snp	Forward	T	526_T	False	0	0	0
hsp65	hsp65	527_C	528883	528883	nt	snp	Forward	C	527_C	False	0	0	0
hsp65	hsp65	527_C	528883	528883	nt	snp	Forward	C	527_C	False	0	0	0
hsp65	hsp65	527_G	528883	528883	nt	snp	Forward	G	527_G	False	0	0	0
hsp65	hsp65	527_T	528883	528883	nt	snp	Forward	T	527_T	False	0	0	0
hsp65	hsp65	528_G	528884	528884	nt	snp	Forward	G	528_G	False	0	0	0
hsp65	hsp65	528_C	528884	528884	nt	snp	Forward	C	528_C	False	0	0	0
hsp65	hsp65	528_T	528884	528884	nt	snp	Forward	T	528_T	False	0	0	0
hsp65	hsp65	529_T	528885	528885	nt	snp	Forward	T	529_T	False	0	0	0
hsp65	hsp65	529_C	528885	528885	nt	snp	Forward	C	529_C	False	0	0	0
hsp65	hsp65	529_T	528885	528885	nt	snp	Forward	T	529_T	False	0	0	0
hsp65	hsp65	530_G	528886	528886	nt	snp	Forward	G	530_G	False	0	0	0
hsp65	hsp65	530_C	528886	528886	nt	snp	Forward	C	530_C	False	0	0	0
hsp65	hsp65	530_T	528886	528886	nt	snp	Forward	T	530_T	False	0	0	0
hsp65	hsp65	531_C	528887	528887	nt	snp	Forward	C	531_C	False	0	0	0
hsp65	hsp65	531_C	528887	528887	nt	snp	Forward	C	531_C	False	0	0	0
hsp65	hsp65	531_T	528887	528887	nt	snp	Forward	T	531_T	False	0	0	0
hsp65	hsp65	532_T	528888	528888	nt	snp	Forward	T	532_T	False	0	0	0
hsp65	hsp65	532_C	528888	528888	nt	snp	Forward	C	532_C	False	0	0	0
hsp65	hsp65	532_T	528888	528888	nt	snp	Forward	T	532_T	False	0	0	0
hsp65	hsp65	533_G	528889	528889	nt	snp	Forward	G	533_G	False	0	0	0
hsp65	hsp65	533_A	528889	528889	nt	snp	Forward	A	533_A	False	0	0	0
hsp65	hsp65	533_C	528889	528889	nt	snp	Forward	C	533_C	False	0	0	0
hsp65	hsp65	533_G	528889	528889	nt	snp	Forward	G	533_G	False	0	0	0
hsp65	hsp65	533_T	528889	528889	nt	snp	Forward	T	533_T	False	0	0	0
hsp65	hsp65	534_G	528890	528890	nt	snp	Forward	G	534_G	False	0	0	0
hsp65	hsp65	534_A	528890	528890	nt	snp	Forward	A	534_A	False	0	0	0
hsp65	hsp65	534_C	528890	528890	nt	snp	Forward	C	534_C	False	0	0	0
hsp65	hsp65	534_G	528890	528890	nt	snp	Forward	G	534_G	False	0	0	0
hsp65	hsp65	534_T	528890	528890	nt	snp	Forward	T	534_T	False	0	0	0
hsp65	hsp65	535_C	528891	528891	nt	snp	Forward	C	535_C	False	0	0	0
hsp65	hsp65	535_A	528891	528891	nt	snp	Forward	A	535_A	False	0	0	0
hsp65	hsp65	535_C	528891	528891	nt	snp	Forward	C	535_C	False	0	0	0
hsp65	hsp65	535_G	528891	528891	nt	snp	Forward	G	535_G	False	0	0	0
hsp65	hsp65	535_T	528891	528891	nt	snp	Forward	T	535_T	False	0	0	0
hsp65	hsp65	536_C	528892	528892	nt	snp	Forward	C	536_C	False	0	0	0
hsp65	hsp65	536_A	528892	528892	nt	snp	Forward	A	536_A	False	0	0	0
hsp65	hsp65	536_C	528892	528892	nt	snp	Forward	C	536_C	False	0	0	0
hsp65	hsp65	536_G	528892	528892	nt	snp	Forward	G	536_G	False	0	0	0
hsp65	hsp65	536_T	528892	528892	nt	snp	Forward	T	536_T	False	0	0	0
hsp65	hsp65	537_C	528893	528893	nt	snp	Forward	C	537_C	False	0	0	0
hsp65	hsp65	537_A	528893	528893	nt	snp	Forward	A	537_A	False	0	0	0
hsp65	hsp65	537_C	528893	528893	nt	snp	Forward	C	537_C	False	0	0	0
hsp65	hsp65	537_T	528893	528893	nt	snp	Forward	T	537_T	False	0	0	0
hsp65	hsp65	538_A	528894	528894	nt	snp	Forward	A	538_A	False	0	0	0
hsp65	hsp65	538_A	528894	528894	nt	snp	Forward	A	538_A	False	0	0	0
hsp65	hsp65	538_C	528894	528894	nt	snp	Forward	C	538_C	False	0	0	0
hsp65	hsp65	538_T	528894	528894	nt	snp	Forward	T	538_T	False	0	0	0
hsp65	hsp65	539_G	528895	528895	nt	snp	Forward	G	539_G	False	0	0	0
hsp65	hsp65	539_C	528895	528895	nt	snp	Forward	C	539_C	False	0	0	0
hsp65	hsp65	539_T	528895	528895	nt	snp	Forward	T	539_T	False	0	0	0
hsp65	hsp65	540_G	528896	528896	nt	snp	Forward	G	540_G	False	0	0	0
hsp65	hsp65	540_C	528896	528896	nt	snp	Forward	C	540_C	False	0	0	0
hsp65	hsp65	541_C	528897	528897	nt	snp	Forward	C	541_C	False	0	0	0
hsp65	hsp65	541_A	528897	528897	nt	snp	Forward	A	541_A	False	0	0	0
hsp65	hsp65	541_C	528897	528897	nt	snp	Forward	C	541_C	False	0	0	0
hsp65	hsp65	541_T	528897	528897	nt	snp	Forward	T	541_T	False	0	0	0
hsp65	hsp65	542_G	528898	528898	nt	snp	Forward	G	542_G	False	0	0	0
hsp65	hsp65	542_A	528898	528898	nt	snp	Forward	A	542_A	False	0	0	0
hsp65	hsp65	542_C	528898	528898	nt	snp	Forward	C	542_C	False	0	0	0
hsp65	hsp65	542_G	528898	528898	nt	snp	Forward	G	542_G	False	0	0	0
hsp65	hsp65	542_T	528898	528898	nt	snp	Forward	T	542_T	False	0	0	0
hsp65	hsp65	543_T	528899	528899	nt	snp	Forward	T	543_T	False	0	0	0
hsp65	hsp65	543_A	528899	528899	nt	snp	Forward	A	543_A	False	0	0	0
hsp65	hsp65	543_C	528899	528899	nt	snp	Forward	C	543_C	False	0	0	0
hsp65	hsp65	543_G	528899	528899	nt	snp	Forward	G	543_G	False	0	0	0
hsp65	hsp65	543_T	528899	528899	nt	snp	Forward	T	543_T	False	0	0	0
hsp65	hsp65	544_T	528900	528900	nt	snp	Forward	T	544_T	False	0	0	0
hsp65	hsp65	544_A	528900	528900	nt	snp	Forward	A	544_A	False	0	0	0
hsp65	hsp65	544_C	528900	528900	nt	snp	Forward	C	544_C	False	0	0	0
hsp65	hsp65	544_G	528900	528900	nt	snp	Forward	G	544_G	False	0	0	0
hsp65	hsp65	544_T	528900	528900	nt	snp	Forward	T	544_T	False	0	0	0
hsp65	hsp65	545_G	528901	528901	nt	snp	Forward	G	545_G	False	0	0	0
hsp65	hsp65	545_A	528901	528901	nt	snp	Forward	A	545_A	False	0	0	0
hsp65	hsp65	545_C	528901	528901	nt	snp	Forward	C	545_C	False	0	0	0
hsp65	hsp65	545_G	528901	528901	nt	snp	Forward	G	545_G	False	0	0	0
hsp65	hsp65	545_T	528901	528901	nt	snp	Forward	T	545_T	False	0	0	0
hsp65	hsp65	546_G	528902	528902	nt	snp	Forward	G	546_G	False	0	0	0
hsp65	hsp65	546_A	528902	528902	nt	snp	Forward	A	546_A	False	0	0	0
hsp65	hsp65	546_C	528902	528902	nt	snp	Forward	C	546_C	False	0	0	0
hsp65	hsp65	546_G	528902	528902	nt	snp	Forward	G	546_G	False	0	0	0
hsp65	hsp65	546_T	528902	528902	nt	snp	Forward	T	546_T	False	0	0	0
hsp65	hsp65	547_T	528903	528903	nt	snp	Forward	T	547_T	False	0	0	0
hsp65	hsp65	547_A	528903	528903	nt	snp	Forward	A	547_A	False	0	0	0
hsp65	hsp65	547_C	528903	528903	nt	snp	Forward	C	547_C	False	0	0	0
hsp65	hsp65	547_G	528903	528903	nt	snp	Forward	G	547_G	False	0	0	0
hsp65	hsp65	548_T	528904	528904	nt	snp	Forward	T	548_T	False	0	0	0
hsp65	hsp65	548_A	528904	528904	nt	snp	Forward	A	548_A	False	0	0	0
hsp65	hsp65	548_C	528904	528904	nt	snp	Forward	C	548_C	False	0	0	0
hsp65	hsp65	548_G	528904	528904	nt	snp	Forward	G	548_G	False	0	0	0
hsp65	hsp65	548_T	528904	528904	nt	snp	Forward	T	548_T	False	0	0	0
hsp65	hsp65	549_C	528905	528905	nt	snp	Forward	C	549_C	False	0	0	0
hsp65	hsp65	549_A	528905	528905	nt	snp	Forward	A	549_A	False	0	0	0
hsp65	hsp65	549_G	528905	528905	nt	snp	Forward	G	549_G	False	0	0	0
hsp65	hsp65	550_G	528906	528906	nt	snp	Forward	G	550_G	False	0	0	0
hsp65	hsp65	550_A	528906	528906	nt	snp	Forward	A	550_A	False	0	0	0
hsp65	hsp65	550_G	528906	528906	nt	snp	Forward	G	550_G	False	0	0	0
hsp65	hsp65	550_T	528906	528906	nt	snp	Forward	T	550_T	False	0	0	0
hsp65	hsp65	551_C	528907	528907	nt	snp	Forward	C	551_C	False	0	0	0
hsp65	hsp65	551_A	528907	528907	nt	snp	Forward	A	551_A	False	0	0	0
hsp65	hsp65	551_G	528907	528907	nt	snp	Forward	G	551_G	False	0	0	0
hsp65	hsp65	551_T	528907	528907	nt	snp	Forward	T	551_T	False	0	0	0
hsp65	hsp65	552_G	528908	528908	nt	snp	Forward	G	552_G	False	0	0	0
hsp65	hsp65	552_A	528908	528908	nt	snp	Forward	A	552_A	False	0	0	0
hsp65	hsp65	552_T	528908	528908	nt	snp	Forward	T	552_T	False	0	0	0
hsp65	hsp65	553_A	528909	528909	nt	snp	Forward	A	553_A	False	0	0	0
hsp65	hsp65	553_A	528909	528909	nt	snp	Forward	A	553_A	False	0	0	0
hsp65	hsp65	553_G	528909	528909	nt	snp	Forward	G	553_G	False	0	0	0
hsp65	hsp65	553_T	528909	528909	nt	snp	Forward	T	553_T	False	0	0	0
hsp65	hsp65	554_G	528910	528910	nt	snp	Forward	G	554_G	False	0	0	0
hsp65	hsp65	554_A	528910	528910	nt	snp	Forward	A	554_A	False	0	0	0
hsp65	hsp65	554_G	528910	528910	nt	snp	Forward	G	554_G	False	0	0	0
hsp65	hsp65	554_T	528910	528910	nt	snp	Forward	T	554_T	False	0	0	0
hsp65	hsp65	555_G	528911	528911	nt	snp	Forward	G	555_G	False	0	0	0
hsp65	hsp65	555_G	528911	528911	nt	snp	Forward	G	555_G	False	0	0	0
hsp65	hsp65	555_T	528911	528911	nt	snp	Forward	T	555_T	False	0	0	0
hsp65	hsp65	556_G	528912	528912	nt	snp	Forward	G	556_G	False	0	0	0
hsp65	hsp65	556_G	528912	528912	nt	snp	Forward	G	556_G	False	0	0	0
hsp65	hsp65	556_T	528912	528912	nt	snp	Forward	T	556_T	False	0	0	0
hsp65	hsp65	557_C	528913	528913	nt	snp	Forward	C	557_C	False	0	0	0
hsp65	hsp65	557_C	528913	528913	nt	snp	Forward	C	557_C	False	0	0	0
hsp65	hsp65	557_G	528913	528913	nt	snp	Forward	G	557_G	False	0	0	0
hsp65	hsp65	557_T	528913	528913	nt	snp	Forward	T	557_T	False	0	0	0
hsp65	hsp65	558_C	528914	528914	nt	snp	Forward	C	558_C	False	0	0	0
hsp65	hsp65	558_T	528914	528914	nt	snp	Forward	T	558_T	False	0	0	0
hsp65	hsp65	559_T	528915	528915	nt	snp	Forward	T	559_T	False	0	0	0
hsp65	hsp65	559_T	528915	528915	nt	snp	Forward	T	559_T	False	0	0	0
hsp65	hsp65	561_C	528917	528917	nt	snp	Forward	C	561_C	False	0	0	0
hsp65	hsp65	561_A	528917	528917	nt	snp	Forward	A	561_A	False	0	0	0
hsp65	hsp65	561_G	528917	528917	nt	snp	Forward	G	561_G	False	0	0	0
hsp65	hsp65	561_T	528917	528917	nt	snp	Forward	T	561_T	False	0	0	0
hsp65	hsp65	562_G	528918	528918	nt	snp	Forward	G	562_G	False	0	0	0
hsp65	hsp65	562_G	528918	528918	nt	snp	Forward	G	562_G	False	0	0	0
hsp65	hsp65	562_T	528918	528918	nt	snp	Forward	T	562_T	False	0	0	0
hsp65	hsp65	563_C	528919	528919	nt	snp	Forward	C	563_C	False	0	0	0
hsp65	hsp65	563_A	528919	528919	nt	snp	Forward	A	563_A	False	0	0	0
hsp65	hsp65	563_C	528919	528919	nt	snp	Forward	C	563_C	False	0	0	0
hsp65	hsp65	563_G	528919	528919	nt	snp	Forward	G	563_G	False	0	0	0
hsp65	hsp65	563_T	528919	528919	nt	snp	Forward	T	563_T	False	0	0	0
hsp65	hsp65	564_A	528920	528920	nt	snp	Forward	A	564_A	False	0	0	0
hsp65	hsp65	564_C	528920	528920	nt	snp	Forward	C	564_C	False	0	0	0
hsp65	hsp65	564_G	528920	528920	nt	snp	Forward	G	564_G	False	0	0	0
hsp65	hsp65	564_T	528920	528920	nt	snp	Forward	T	564_T	False	0	0	0
hsp65	hsp65	565_A	528921	528921	nt	snp	Forward	A	565_A	False	0	0	0
hsp65	hsp65	565_A	528921	528921	nt	snp	Forward	A	565_A	False	0	0	0
hsp65	hsp65	565_C	528921	528921	nt	snp	Forward	C	565_C	False	0	0	0
hsp65	hsp65	565_G	528921	528921	nt	snp	Forward	G	565_G	False	0	0	0
hsp65	hsp65	565_T	528921	528921	nt	snp	Forward	T	565_T	False	0	0	0
hsp65	hsp65	566_C	528922	528922	nt	snp	Forward	C	566_C	False	0	0	0
hsp65	hsp65	566_A	528922	528922	nt	snp	Forward	A	566_A	False	0	0	0
hsp65	hsp65	566_C	528922	528922	nt	snp	Forward	C	566_C	False	0	0	0
hsp65	hsp65	566_G	528922	528922	nt	snp	Forward	G	566_G	False	0	0	0
hsp65	hsp65	566_T	528922	528922	nt	snp	Forward	T	566_T	False	0	0	0
hsp65	hsp65	567_G	528923	528923	nt	snp	Forward	G	567_G	False	0	0	0
hsp65	hsp65	567_C	528923	528923	nt	snp	Forward	C	567_C	False	0	0	0
hsp65	hsp65	567_G	528923	528923	nt	snp	Forward	G	567_G	False	0	0	0
hsp65	hsp65	567_T	528923	528923	nt	snp	Forward	T	567_T	False	0	0	0
hsp65	hsp65	568_T	528924	528924	nt	snp	Forward	T	568_T	False	0	0	0
hsp65	hsp65	568_A	528924	528924	nt	snp	Forward	A	568_A	False	0	0	0
hsp65	hsp65	568_C	528924	528924	nt	snp	Forward	C	568_C	False	0	0	0
hsp65	hsp65	568_T	528924	528924	nt	snp	Forward	T	568_T	False	0	0	0
hsp65	hsp65	569_C	528925	528925	nt	snp	Forward	C	569_C	False	0	0	0
hsp65	hsp65	569_A	528925	528925	nt	snp	Forward	A	569_A	False	0	0	0
hsp65	hsp65	569_T	528925	528925	nt	snp	Forward	T	569_T	False	0	0	0
hsp65	hsp65	571_C	528927	528927	nt	snp	Forward	C	571_C	False	0	0	0
hsp65	hsp65	571_C	528927	528927	nt	snp	Forward	C	571_C	False	0	0	0
hsp65	hsp65	571_T	528927	528927	nt	snp	Forward	T	571_T	False	0	0	0
hsp65	hsp65	572_G	528928	528928	nt	snp	Forward	G	572_G	False	0	0	0
hsp65	hsp65	572_C	528928	528928	nt	snp	Forward	C	572_C	False	0	0	0
hsp65	hsp65	572_T	528928	528928	nt	snp	Forward	T	572_T	False	0	0	0
hsp65	hsp65	573_G	528929	528929	nt	snp	Forward	G	573_G	False	0	0	0
hsp65	hsp65	573_A	528929	528929	nt	snp	Forward	A	573_A	False	0	0	0
hsp65	hsp65	573_G	528929	528929	nt	snp	Forward	G	573_G	False	0	0	0
hsp65	hsp65	573_T	528929	528929	nt	snp	Forward	T	573_T	False	0	0	0
hsp65	hsp65	574_C	528930	528930	nt	snp	Forward	C	574_C	False	0	0	0
hsp65	hsp65	574_G	528930	528930	nt	snp	Forward	G	574_G	False	0	0	0
hsp65	hsp65	574_T	528930	528930	nt	snp	Forward	T	574_T	False	0	0	0
hsp65	hsp65	575_C	528931	528931	nt	snp	Forward	C	575_C	False	0	0	0
hsp65	hsp65	575_A	528931	528931	nt	snp	Forward	A	575_A	False	0	0	0
hsp65	hsp65	575_G	528931	528931	nt	snp	Forward	G	575_G	False	0	0	0
hsp65	hsp65	575_T	528931	528931	nt	snp	Forward	T	575_T	False	0	0	0
hsp65	hsp65	576_G	528932	528932	nt	snp	Forward	G	576_G	False	0	0	0
hsp65	hsp65	576_G	528932	528932	nt	snp	Forward	G	576_G	False	0	0	0
hsp65	hsp65	576_T	528932	528932	nt	snp	Forward	T	576_T	False	0	0	0
hsp65	hsp65	577_G	528933	528933	nt	snp	Forward	G	577_G	False	0	0	0
hsp65	hsp65	577_G	528933	528933	nt	snp	Forward	G	577_G	False	0	0	0
hsp65	hsp65	577_T	528933	528933	nt	snp	Forward	T	577_T	False	0	0	0
hsp65	hsp65	579_G	528935	528935	nt	snp	Forward	G	579_G	False	0	0	0
hsp65	hsp65	579_C	528935	528935	nt	snp	Forward	C	579_C	False	0	0	0
hsp65	hsp65	580_C	528936	528936	nt	snp	Forward	C	580_C	False	0	0	0
hsp65	hsp65	580_A	528936	528936	nt	snp	Forward	A	580_A	False	0	0	0
hsp65	hsp65	581_C	528937	528937	nt	snp	Forward	C	581_C	False	0	0	0
hsp65	hsp65	581_G	528937	528937	nt	snp	Forward	G	581_G	False	0	0	0
hsp65	hsp65	582_A	528938	528938	nt	snp	Forward	A	582_A	False	0	0	0
hsp65	hsp65	582_A	528938	528938	nt	snp	Forward	A	582_A	False	0	0	0
hsp65	hsp65	582_G	528938	528938	nt	snp	Forward	G	582_G	False	0	0	0
hsp65	hsp65	583_A	528939	528939	nt	snp	Forward	A	583_A	False	0	0	0
hsp65	hsp65	583_A	528939	528939	nt	snp	Forward	A	583_A	False	0	0	0
hsp65	hsp65	583_C	528939	528939	nt	snp	Forward	C	583_C	False	0	0	0
hsp65	hsp65	583_G	528939	528939	nt	snp	Forward	G	583_G	False	0	0	0
hsp65	hsp65	583_T	528939	528939	nt	snp	Forward	T	583_T	False	0	0	0
hsp65	hsp65	584_C	528940	528940	nt	snp	Forward	C	584_C	False	0	0	0
hsp65	hsp65	584_A	528940	528940	nt	snp	Forward	A	584_A	False	0	0	0
hsp65	hsp65	584_C	528940	528940	nt	snp	Forward	C	584_C	False	0	0	0
hsp65	hsp65	584_G	528940	528940	nt	snp	Forward	G	584_G	False	0	0	0
hsp65	hsp65	585_C	528941	528941	nt	snp	Forward	C	585_C	False	0	0	0
hsp65	hsp65	585_A	528941	528941	nt	snp	Forward	A	585_A	False	0	0	0
hsp65	hsp65	585_C	528941	528941	nt	snp	Forward	C	585_C	False	0	0	0
hsp65	hsp65	585_G	528941	528941	nt	snp	Forward	G	585_G	False	0	0	0
hsp65	hsp65	586_C	528942	528942	nt	snp	Forward	C	586_C	False	0	0	0
hsp65	hsp65	586_A	528942	528942	nt	snp	Forward	A	586_A	False	0	0	0
hsp65	hsp65	586_C	528942	528942	nt	snp	Forward	C	586_C	False	0	0	0
hsp65	hsp65	586_G	528942	528942	nt	snp	Forward	G	586_G	False	0	0	0
hsp65	hsp65	586_T	528942	528942	nt	snp	Forward	T	586_T	False	0	0	0
hsp65	hsp65	587_G	528943	528943	nt	snp	Forward	G	587_G	False	0	0	0
hsp65	hsp65	587_A	528943	528943	nt	snp	Forward	A	587_A	False	0	0	0
hsp65	hsp65	587_C	528943	528943	nt	snp	Forward	C	587_C	False	0	0	0
hsp65	hsp65	587_G	528943	528943	nt	snp	Forward	G	587_G	False	0	0	0
hsp65	hsp65	587_T	528943	528943	nt	snp	Forward	T	587_T	False	0	0	0
hsp65	hsp65	588_C	528944	528944	nt	snp	Forward	C	588_C	False	0	0	0
hsp65	hsp65	588_C	528944	528944	nt	snp	Forward	C	588_C	False	0	0	0
hsp65	hsp65	588_G	528944	528944	nt	snp	Forward	G	588_G	False	0	0	0
hsp65	hsp65	589_T	528945	528945	nt	snp	Forward	T	589_T	False	0	0	0
hsp65	hsp65	589_C	528945	528945	nt	snp	Forward	C	589_C	False	0	0	0
hsp65	hsp65	589_G	528945	528945	nt	snp	Forward	G	589_G	False	0	0	0
hsp65	hsp65	590_C	528946	528946	nt	snp	Forward	C	590_C	False	0	0	0
hsp65	hsp65	590_G	528946	528946	nt	snp	Forward	G	590_G	False	0	0	0
hsp65	hsp65	591_G	528947	528947	nt	snp	Forward	G	591_G	False	0	0	0
hsp65	hsp65	591_C	528947	528947	nt	snp	Forward	C	591_C	False	0	0	0
hsp65	hsp65	591_G	528947	528947	nt	snp	Forward	G	591_G	False	0	0	0
hsp65	hsp65	592_G	528948	528948	nt	snp	Forward	G	592_G	False	0	0	0
hsp65	hsp65	592_C	528948	528948	nt	snp	Forward	C	592_C	False	0	0	0
hsp65	hsp65	592_G	528948	528948	nt	snp	Forward	G	592_G	False	0	0	0
hsp65	hsp65	593_T	528949	528949	nt	snp	Forward	T	593_T	False	0	0	0
hsp65	hsp65	593_C	528949	528949	nt	snp	Forward	C	593_C	False	0	0	0
hsp65	hsp65	593_G	528949	528949	nt	snp	Forward	G	593_G	False	0	0	0
hsp65	hsp65	593_T	528949	528949	nt	snp	Forward	T	593_T	False	0	0	0
hsp65	hsp65	594_C	528950	528950	nt	snp	Forward	C	594_C	False	0	0	0
hsp65	hsp65	594_G	528950	528950	nt	snp	Forward	G	594_G	False	0	0	0
hsp65	hsp65	595_T	528951	528951	nt	snp	Forward	T	595_T	False	0	0	0
hsp65	hsp65	595_G	528951	528951	nt	snp	Forward	G	595_G	False	0	0	0
hsp65	hsp65	595_T	528951	528951	nt	snp	Forward	T	595_T	False	0	0	0
hsp65	hsp65	596_C	528952	528952	nt	snp	Forward	C	596_C	False	0	0	0
hsp65	hsp65	596_G	528952	528952	nt	snp	Forward	G	596_G	False	0	0	0
hsp65	hsp65	596_T	528952	528952	nt	snp	Forward	T	596_T	False	0	0	0
hsp65	hsp65	597_A	528953	528953	nt	snp	Forward	A	597_A	False	0	0	0
hsp65	hsp65	597_G	528953	528953	nt	snp	Forward	G	597_G	False	0	0	0
hsp65	hsp65	597_T	528953	528953	nt	snp	Forward	T	597_T	False	0	0	0
hsp65	hsp65	598_A	528954	528954	nt	snp	Forward	A	598_A	False	0	0	0
hsp65	hsp65	598_G	528954	528954	nt	snp	Forward	G	598_G	False	0	0	0
hsp65	hsp65	598_T	528954	528954	nt	snp	Forward	T	598_T	False	0	0	0
hsp65	hsp65	599_A	528955	528955	nt	snp	Forward	A	599_A	False	0	0	0
hsp65	hsp65	599_A	528955	528955	nt	snp	Forward	A	599_A	False	0	0	0
hsp65	hsp65	599_G	528955	528955	nt	snp	Forward	G	599_G	False	0	0	0
hsp65	hsp65	599_T	528955	528955	nt	snp	Forward	T	599_T	False	0	0	0
hsp65	hsp65	600_C	528956	528956	nt	snp	Forward	C	600_C	False	0	0	0
hsp65	hsp65	600_T	528956	528956	nt	snp	Forward	T	600_T	False	0	0	0
hsp65	hsp65	601_G	528957	528957	nt	snp	Forward	G	601_G	False	0	0	0
hsp65	hsp65	601_T	528957	528957	nt	snp	Forward	T	601_T	False	0	0	0
hsp65	hsp65	602_C	528958	528958	nt	snp	Forward	C	602_C	False	0	0	0
hsp65	hsp65	602_G	528958	528958	nt	snp	Forward	G	602_G	False	0	0	0
hsp65	hsp65	602_T	528958	528958	nt	snp	Forward	T	602_T	False	0	0	0
hsp65	hsp65	603_G	528959	528959	nt	snp	Forward	G	603_G	False	0	0	0
hsp65	hsp65	603_A	528959	528959	nt	snp	Forward	A	603_A	False	0	0	0
hsp65	hsp65	603_G	528959	528959	nt	snp	Forward	G	603_G	False	0	0	0
hsp65	hsp65	603_T	528959	528959	nt	snp	Forward	T	603_T	False	0	0	0
hsp65	hsp65	604_G	528960	528960	nt	snp	Forward	G	604_G	False	0	0	0
hsp65	hsp65	604_G	528960	528960	nt	snp	Forward	G	604_G	False	0	0	0
hsp65	hsp65	604_T	528960	528960	nt	snp	Forward	T	604_T	False	0	0	0
hsp65	hsp65	605_C	528961	528961	nt	snp	Forward	C	605_C	False	0	0	0
hsp65	hsp65	605_G	528961	528961	nt	snp	Forward	G	605_G	False	0	0	0
hsp65	hsp65	605_T	528961	528961	nt	snp	Forward	T	605_T	False	0	0	0
hsp65	hsp65	606_A	528962	528962	nt	snp	Forward	A	606_A	False	0	0	0
hsp65	hsp65	606_G	528962	528962	nt	snp	Forward	G	606_G	False	0	0	0
hsp65	hsp65	607_T	528963	528963	nt	snp	Forward	T	607_T	False	0	0	0
hsp65	hsp65	607_C	528963	528963	nt	snp	Forward	C	607_C	False	0	0	0
hsp65	hsp65	607_G	528963	528963	nt	snp	Forward	G	607_G	False	0	0	0
hsp65	hsp65	608_C	528964	528964	nt	snp	Forward	C	608_C	False	0	0	0
hsp65	hsp65	608_C	528964	528964	nt	snp	Forward	C	608_C	False	0	0	0
hsp65	hsp65	608_G	528964	528964	nt	snp	Forward	G	608_G	False	0	0	0
hsp65	hsp65	609_G	528965	528965	nt	snp	Forward	G	609_G	False	0	0	0
hsp65	hsp65	609_G	528965	528965	nt	snp	Forward	G	609_G	False	0	0	0
hsp65	hsp65	609_T	528965	528965	nt	snp	Forward	T	609_T	False	0	0	0
hsp65	hsp65	610_A	528966	528966	nt	snp	Forward	A	610_A	False	0	0	0
hsp65	hsp65	610_G	528966	528966	nt	snp	Forward	G	610_G	False	0	0	0
hsp65	hsp65	610_T	528966	528966	nt	snp	Forward	T	610_T	False	0	0	0
hsp65	hsp65	611_A	528967	528967	nt	snp	Forward	A	611_A	False	0	0	0
hsp65	hsp65	611_G	528967	528967	nt	snp	Forward	G	611_G	False	0	0	0
hsp65	hsp65	612_A	528968	528968	nt	snp	Forward	A	612_A	False	0	0	0
hsp65	hsp65	612_A	528968	528968	nt	snp	Forward	A	612_A	False	0	0	0
hsp65	hsp65	612_C	528968	528968	nt	snp	Forward	C	612_C	False	0	0	0
hsp65	hsp65	613_A	528969	528969	nt	snp	Forward	A	613_A	False	0	0	0
hsp65	hsp65	613_A	528969	528969	nt	snp	Forward	A	613_A	False	0	0	0
hsp65	hsp65	613_C	528969	528969	nt	snp	Forward	C	613_C	False	0	0	0
hsp65	hsp65	613_G	528969	528969	nt	snp	Forward	G	613_G	False	0	0	0
hsp65	hsp65	613_T	528969	528969	nt	snp	Forward	T	613_T	False	0	0	0
hsp65	hsp65	614_G	528970	528970	nt	snp	Forward	G	614_G	False	0	0	0
hsp65	hsp65	614_A	528970	528970	nt	snp	Forward	A	614_A	False	0	0	0
hsp65	hsp65	614_C	528970	528970	nt	snp	Forward	C	614_C	False	0	0	0
hsp65	hsp65	614_T	528970	528970	nt	snp	Forward	T	614_T	False	0	0	0
hsp65	hsp65	615_G	528971	528971	nt	snp	Forward	G	615_G	False	0	0	0
hsp65	hsp65	615_A	528971	528971	nt	snp	Forward	A	615_A	False	0	0	0
hsp65	hsp65	615_C	528971	528971	nt	snp	Forward	C	615_C	False	0	0	0
hsp65	hsp65	615_G	528971	528971	nt	snp	Forward	G	615_G	False	0	0	0
hsp65	hsp65	615_T	528971	528971	nt	snp	Forward	T	615_T	False	0	0	0
hsp65	hsp65	616_C	528972	528972	nt	snp	Forward	C	616_C	False	0	0	0
hsp65	hsp65	616_A	528972	528972	nt	snp	Forward	A	616_A	False	0	0	0
hsp65	hsp65	616_C	528972	528972	nt	snp	Forward	C	616_C	False	0	0	0
hsp65	hsp65	616_G	528972	528972	nt	snp	Forward	G	616_G	False	0	0	0
hsp65	hsp65	616_T	528972	528972	nt	snp	Forward	T	616_T	False	0	0	0
hsp65	hsp65	617_C	528973	528973	nt	snp	Forward	C	617_C	False	0	0	0
hsp65	hsp65	617_A	528973	528973	nt	snp	Forward	A	617_A	False	0	0	0
hsp65	hsp65	617_C	528973	528973	nt	snp	Forward	C	617_C	False	0	0	0
hsp65	hsp65	617_G	528973	528973	nt	snp	Forward	G	617_G	False	0	0	0
hsp65	hsp65	617_T	528973	528973	nt	snp	Forward	T	617_T	False	0	0	0
hsp65	hsp65	618_G	528974	528974	nt	snp	Forward	G	618_G	False	0	0	0
hsp65	hsp65	618_A	528974	528974	nt	snp	Forward	A	618_A	False	0	0	0
hsp65	hsp65	618_C	528974	528974	nt	snp	Forward	C	618_C	False	0	0	0
hsp65	hsp65	618_G	528974	528974	nt	snp	Forward	G	618_G	False	0	0	0
hsp65	hsp65	619_T	528975	528975	nt	snp	Forward	T	619_T	False	0	0	0
hsp65	hsp65	619_A	528975	528975	nt	snp	Forward	A	619_A	False	0	0	0
hsp65	hsp65	619_C	528975	528975	nt	snp	Forward	C	619_C	False	0	0	0
hsp65	hsp65	620_G	528976	528976	nt	snp	Forward	G	620_G	False	0	0	0
hsp65	hsp65	620_C	528976	528976	nt	snp	Forward	C	620_C	False	0	0	0
hsp65	hsp65	620_G	528976	528976	nt	snp	Forward	G	620_G	False	0	0	0
hsp65	hsp65	621_G	528977	528977	nt	snp	Forward	G	621_G	False	0	0	0
hsp65	hsp65	621_A	528977	528977	nt	snp	Forward	A	621_A	False	0	0	0
hsp65	hsp65	621_C	528977	528977	nt	snp	Forward	C	621_C	False	0	0	0
hsp65	hsp65	621_G	528977	528977	nt	snp	Forward	G	621_G	False	0	0	0
hsp65	hsp65	622_A	528978	528978	nt	snp	Forward	A	622_A	False	0	0	0
hsp65	hsp65	622_A	528978	528978	nt	snp	Forward	A	622_A	False	0	0	0
hsp65	hsp65	622_C	528978	528978	nt	snp	Forward	C	622_C	False	0	0	0
hsp65	hsp65	622_T	528978	528978	nt	snp	Forward	T	622_T	False	0	0	0
hsp65	hsp65	623_G	528979	528979	nt	snp	Forward	G	623_G	False	0	0	0
hsp65	hsp65	623_A	528979	528979	nt	snp	Forward	A	623_A	False	0	0	0
hsp65	hsp65	623_C	528979	528979	nt	snp	Forward	C	623_C	False	0	0	0
hsp65	hsp65	623_G	528979	528979	nt	snp	Forward	G	623_G	False	0	0	0
hsp65	hsp65	623_T	528979	528979	nt	snp	Forward	T	623_T	False	0	0	0
hsp65	hsp65	624_A	528980	528980	nt	snp	Forward	A	624_A	False	0	0	0
hsp65	hsp65	624_A	528980	528980	nt	snp	Forward	A	624_A	False	0	0	0
hsp65	hsp65	624_C	528980	528980	nt	snp	Forward	C	624_C	False	0	0	0
hsp65	hsp65	624_G	528980	528980	nt	snp	Forward	G	624_G	False	0	0	0
hsp65	hsp65	624_T	528980	528980	nt	snp	Forward	T	624_T	False	0	0	0
hsp65	hsp65	625_A	528981	528981	nt	snp	Forward	A	625_A	False	0	0	0
hsp65	hsp65	625_A	528981	528981	nt	snp	Forward	A	625_A	False	0	0	0
hsp65	hsp65	625_C	528981	528981	nt	snp	Forward	C	625_C	False	0	0	0
hsp65	hsp65	625_T	528981	528981	nt	snp	Forward	T	625_T	False	0	0	0
hsp65	hsp65	626_G	528982	528982	nt	snp	Forward	G	626_G	False	0	0	0
hsp65	hsp65	626_A	528982	528982	nt	snp	Forward	A	626_A	False	0	0	0
hsp65	hsp65	626_C	528982	528982	nt	snp	Forward	C	626_C	False	0	0	0
hsp65	hsp65	626_G	528982	528982	nt	snp	Forward	G	626_G	False	0	0	0
hsp65	hsp65	626_T	528982	528982	nt	snp	Forward	T	626_T	False	0	0	0
hsp65	hsp65	627_G	528983	528983	nt	snp	Forward	G	627_G	False	0	0	0
hsp65	hsp65	627_A	528983	528983	nt	snp	Forward	A	627_A	False	0	0	0
hsp65	hsp65	627_C	528983	528983	nt	snp	Forward	C	627_C	False	0	0	0
hsp65	hsp65	627_G	528983	528983	nt	snp	Forward	G	627_G	False	0	0	0
hsp65	hsp65	627_T	528983	528983	nt	snp	Forward	T	627_T	False	0	0	0
hsp65	hsp65	628_T	528984	528984	nt	snp	Forward	T	628_T	False	0	0	0
hsp65	hsp65	628_C	528984	528984	nt	snp	Forward	C	628_C	False	0	0	0
hsp65	hsp65	628_G	528984	528984	nt	snp	Forward	G	628_G	False	0	0	0
hsp65	hsp65	628_T	528984	528984	nt	snp	Forward	T	628_T	False	0	0	0
hsp65	hsp65	629_C	528985	528985	nt	snp	Forward	C	629_C	False	0	0	0
hsp65	hsp65	629_C	528985	528985	nt	snp	Forward	C	629_C	False	0	0	0
hsp65	hsp65	629_G	528985	528985	nt	snp	Forward	G	629_G	False	0	0	0
hsp65	hsp65	630_A	528986	528986	nt	snp	Forward	A	630_A	False	0	0	0
hsp65	hsp65	630_G	528986	528986	nt	snp	Forward	G	630_G	False	0	0	0
hsp65	hsp65	630_T	528986	528986	nt	snp	Forward	T	630_T	False	0	0	0
hsp65	hsp65	631_C	528987	528987	nt	snp	Forward	C	631_C	False	0	0	0
hsp65	hsp65	631_A	528987	528987	nt	snp	Forward	A	631_A	False	0	0	0
hsp65	hsp65	631_C	528987	528987	nt	snp	Forward	C	631_C	False	0	0	0
hsp65	hsp65	631_G	528987	528987	nt	snp	Forward	G	631_G	False	0	0	0
hsp65	hsp65	631_T	528987	528987	nt	snp	Forward	T	631_T	False	0	0	0
hsp65	hsp65	632_C	528988	528988	nt	snp	Forward	C	632_C	False	0	0	0
hsp65	hsp65	632_A	528988	528988	nt	snp	Forward	A	632_A	False	0	0	0
hsp65	hsp65	632_G	528988	528988	nt	snp	Forward	G	632_G	False	0	0	0
hsp65	hsp65	632_T	528988	528988	nt	snp	Forward	T	632_T	False	0	0	0
hsp65	hsp65	633_G	528989	528989	nt	snp	Forward	G	633_G	False	0	0	0
hsp65	hsp65	633_A	528989	528989	nt	snp	Forward	A	633_A	False	0	0	0
hsp65	hsp65	633_C	528989	528989	nt	snp	Forward	C	633_C	False	0	0	0
hsp65	hsp65	633_G	528989	528989	nt	snp	Forward	G	633_G	False	0	0	0
hsp65	hsp65	633_T	528989	528989	nt	snp	Forward	T	633_T	False	0	0	0
hsp65	hsp65	634_A	528990	528990	nt	snp	Forward	A	634_A	False	0	0	0
hsp65	hsp65	634_C	528990	528990	nt	snp	Forward	C	634_C	False	0	0	0
hsp65	hsp65	634_G	528990	528990	nt	snp	Forward	G	634_G	False	0	0	0
hsp65	hsp65	634_T	528990	528990	nt	snp	Forward	T	634_T	False	0	0	0
hsp65	hsp65	635_G	528991	528991	nt	snp	Forward	G	635_G	False	0	0	0
hsp65	hsp65	635_A	528991	528991	nt	snp	Forward	A	635_A	False	0	0	0
hsp65	hsp65	635_C	528991	528991	nt	snp	Forward	C	635_C	False	0	0	0
hsp65	hsp65	635_G	528991	528991	nt	snp	Forward	G	635_G	False	0	0	0
hsp65	hsp65	635_T	528991	528991	nt	snp	Forward	T	635_T	False	0	0	0
hsp65	hsp65	636_A	528992	528992	nt	snp	Forward	A	636_A	False	0	0	0
hsp65	hsp65	636_C	528992	528992	nt	snp	Forward	C	636_C	False	0	0	0
hsp65	hsp65	636_G	528992	528992	nt	snp	Forward	G	636_G	False	0	0	0
hsp65	hsp65	636_T	528992	528992	nt	snp	Forward	T	636_T	False	0	0	0
hsp65	hsp65	637_C	528993	528993	nt	snp	Forward	C	637_C	False	0	0	0
hsp65	hsp65	637_A	528993	528993	nt	snp	Forward	A	637_A	False	0	0	0
hsp65	hsp65	637_G	528993	528993	nt	snp	Forward	G	637_G	False	0	0	0
hsp65	hsp65	637_T	528993	528993	nt	snp	Forward	T	637_T	False	0	0	0
hsp65	hsp65	638_C	528994	528994	nt	snp	Forward	C	638_C	False	0	0	0
hsp65	hsp65	638_G	528994	528994	nt	snp	Forward	G	638_G	False	0	0	0
hsp65	hsp65	638_T	528994	528994	nt	snp	Forward	T	638_T	False	0	0	0
hsp65	hsp65	639_C	528995	528995	nt	snp	Forward	C	639_C	False	0	0	0
hsp65	hsp65	639_G	528995	528995	nt	snp	Forward	G	639_G	False	0	0	0
hsp65	hsp65	639_T	528995	528995	nt	snp	Forward	T	639_T	False	0	0	0
hsp65	hsp65	640_T	528996	528996	nt	snp	Forward	T	640_T	False	0	0	0
hsp65	hsp65	640_C	528996	528996	nt	snp	Forward	C	640_C	False	0	0	0
hsp65	hsp65	640_G	528996	528996	nt	snp	Forward	G	640_G	False	0	0	0
hsp65	hsp65	640_T	528996	528996	nt	snp	Forward	T	640_T	False	0	0	0
hsp65	hsp65	641_G	528997	528997	nt	snp	Forward	G	641_G	False	0	0	0
hsp65	hsp65	641_A	528997	528997	nt	snp	Forward	A	641_A	False	0	0	0
hsp65	hsp65	641_C	528997	528997	nt	snp	Forward	C	641_C	False	0	0	0
hsp65	hsp65	641_G	528997	528997	nt	snp	Forward	G	641_G	False	0	0	0
hsp65	hsp65	641_T	528997	528997	nt	snp	Forward	T	641_T	False	0	0	0
hsp65	hsp65	642_C	528998	528998	nt	snp	Forward	C	642_C	False	0	0	0
hsp65	hsp65	642_A	528998	528998	nt	snp	Forward	A	642_A	False	0	0	0
hsp65	hsp65	642_C	528998	528998	nt	snp	Forward	C	642_C	False	0	0	0
hsp65	hsp65	642_G	528998	528998	nt	snp	Forward	G	642_G	False	0	0	0
hsp65	hsp65	642_T	528998	528998	nt	snp	Forward	T	642_T	False	0	0	0
hsp65	hsp65	643_T	528999	528999	nt	snp	Forward	T	643_T	False	0	0	0
hsp65	hsp65	643_A	528999	528999	nt	snp	Forward	A	643_A	False	0	0	0
hsp65	hsp65	643_C	528999	528999	nt	snp	Forward	C	643_C	False	0	0	0
hsp65	hsp65	643_G	528999	528999	nt	snp	Forward	G	643_G	False	0	0	0
hsp65	hsp65	643_T	528999	528999	nt	snp	Forward	T	643_T	False	0	0	0
hsp65	hsp65	644_C	529000	529000	nt	snp	Forward	C	644_C	False	0	0	0
hsp65	hsp65	644_A	529000	529000	nt	snp	Forward	A	644_A	False	0	0	0
hsp65	hsp65	644_C	529000	529000	nt	snp	Forward	C	644_C	False	0	0	0
hsp65	hsp65	644_G	529000	529000	nt	snp	Forward	G	644_G	False	0	0	0
hsp65	hsp65	644_T	529000	529000	nt	snp	Forward	T	644_T	False	0	0	0
hsp65	hsp65	645_A	529001	529001	nt	snp	Forward	A	645_A	False	0	0	0
hsp65	hsp65	645_A	529001	529001	nt	snp	Forward	A	645_A	False	0	0	0
hsp65	hsp65	645_C	529001	529001	nt	snp	Forward	C	645_C	False	0	0	0
hsp65	hsp65	645_G	529001	529001	nt	snp	Forward	G	645_G	False	0	0	0
hsp65	hsp65	645_T	529001	529001	nt	snp	Forward	T	645_T	False	0	0	0
hsp65	hsp65	646_A	529002	529002	nt	snp	Forward	A	646_A	False	0	0	0
hsp65	hsp65	646_A	529002	529002	nt	snp	Forward	A	646_A	False	0	0	0
hsp65	hsp65	646_C	529002	529002	nt	snp	Forward	C	646_C	False	0	0	0
hsp65	hsp65	646_G	529002	529002	nt	snp	Forward	G	646_G	False	0	0	0
hsp65	hsp65	646_T	529002	529002	nt	snp	Forward	T	646_T	False	0	0	0
hsp65	hsp65	647_G	529003	529003	nt	snp	Forward	G	647_G	False	0	0	0
hsp65	hsp65	647_A	529003	529003	nt	snp	Forward	A	647_A	False	0	0	0
hsp65	hsp65	647_C	529003	529003	nt	snp	Forward	C	647_C	False	0	0	0
hsp65	hsp65	647_G	529003	529003	nt	snp	Forward	G	647_G	False	0	0	0
hsp65	hsp65	647_T	529003	529003	nt	snp	Forward	T	647_T	False	0	0	0
hsp65	hsp65	648_G	529004	529004	nt	snp	Forward	G	648_G	False	0	0	0
hsp65	hsp65	648_A	529004	529004	nt	snp	Forward	A	648_A	False	0	0	0
hsp65	hsp65	648_C	529004	529004	nt	snp	Forward	C	648_C	False	0	0	0
hsp65	hsp65	648_G	529004	529004	nt	snp	Forward	G	648_G	False	0	0	0
hsp65	hsp65	648_T	529004	529004	nt	snp	Forward	T	648_T	False	0	0	0
hsp65	hsp65	649_G	529005	529005	nt	snp	Forward	G	649_G	False	0	0	0
hsp65	hsp65	649_A	529005	529005	nt	snp	Forward	A	649_A	False	0	0	0
hsp65	hsp65	649_C	529005	529005	nt	snp	Forward	C	649_C	False	0	0	0
hsp65	hsp65	649_G	529005	529005	nt	snp	Forward	G	649_G	False	0	0	0
hsp65	hsp65	649_T	529005	529005	nt	snp	Forward	T	649_T	False	0	0	0
hsp65	hsp65	650_C	529006	529006	nt	snp	Forward	C	650_C	False	0	0	0
hsp65	hsp65	650_A	529006	529006	nt	snp	Forward	A	650_A	False	0	0	0
hsp65	hsp65	650_C	529006	529006	nt	snp	Forward	C	650_C	False	0	0	0
hsp65	hsp65	650_G	529006	529006	nt	snp	Forward	G	650_G	False	0	0	0
hsp65	hsp65	650_T	529006	529006	nt	snp	Forward	T	650_T	False	0	0	0
hsp65	hsp65	651_G	529007	529007	nt	snp	Forward	G	651_G	False	0	0	0
hsp65	hsp65	651_A	529007	529007	nt	snp	Forward	A	651_A	False	0	0	0
hsp65	hsp65	651_C	529007	529007	nt	snp	Forward	C	651_C	False	0	0	0
hsp65	hsp65	651_T	529007	529007	nt	snp	Forward	T	651_T	False	0	0	0
hsp65	hsp65	652_C	529008	529008	nt	snp	Forward	C	652_C	False	0	0	0
hsp65	hsp65	652_A	529008	529008	nt	snp	Forward	A	652_A	False	0	0	0
hsp65	hsp65	652_C	529008	529008	nt	snp	Forward	C	652_C	False	0	0	0
hsp65	hsp65	652_T	529008	529008	nt	snp	Forward	T	652_T	False	0	0	0
hsp65	hsp65	653_C	529009	529009	nt	snp	Forward	C	653_C	False	0	0	0
hsp65	hsp65	653_A	529009	529009	nt	snp	Forward	A	653_A	False	0	0	0
hsp65	hsp65	653_C	529009	529009	nt	snp	Forward	C	653_C	False	0	0	0
hsp65	hsp65	653_G	529009	529009	nt	snp	Forward	G	653_G	False	0	0	0
hsp65	hsp65	653_T	529009	529009	nt	snp	Forward	T	653_T	False	0	0	0
hsp65	hsp65	654_A	529010	529010	nt	snp	Forward	A	654_A	False	0	0	0
hsp65	hsp65	654_A	529010	529010	nt	snp	Forward	A	654_A	False	0	0	0
hsp65	hsp65	654_C	529010	529010	nt	snp	Forward	C	654_C	False	0	0	0
hsp65	hsp65	654_G	529010	529010	nt	snp	Forward	G	654_G	False	0	0	0
hsp65	hsp65	655_A	529011	529011	nt	snp	Forward	A	655_A	False	0	0	0
hsp65	hsp65	655_A	529011	529011	nt	snp	Forward	A	655_A	False	0	0	0
hsp65	hsp65	655_C	529011	529011	nt	snp	Forward	C	655_C	False	0	0	0
hsp65	hsp65	655_G	529011	529011	nt	snp	Forward	G	655_G	False	0	0	0
hsp65	hsp65	655_T	529011	529011	nt	snp	Forward	T	655_T	False	0	0	0
hsp65	hsp65	656_G	529012	529012	nt	snp	Forward	G	656_G	False	0	0	0
hsp65	hsp65	656_A	529012	529012	nt	snp	Forward	A	656_A	False	0	0	0
hsp65	hsp65	656_C	529012	529012	nt	snp	Forward	C	656_C	False	0	0	0
hsp65	hsp65	656_G	529012	529012	nt	snp	Forward	G	656_G	False	0	0	0
hsp65	hsp65	656_T	529012	529012	nt	snp	Forward	T	656_T	False	0	0	0
hsp65	hsp65	657_G	529013	529013	nt	snp	Forward	G	657_G	False	0	0	0
hsp65	hsp65	657_A	529013	529013	nt	snp	Forward	A	657_A	False	0	0	0
hsp65	hsp65	657_C	529013	529013	nt	snp	Forward	C	657_C	False	0	0	0
hsp65	hsp65	657_G	529013	529013	nt	snp	Forward	G	657_G	False	0	0	0
hsp65	hsp65	658_A	529014	529014	nt	snp	Forward	A	658_A	False	0	0	0
hsp65	hsp65	658_A	529014	529014	nt	snp	Forward	A	658_A	False	0	0	0
hsp65	hsp65	658_C	529014	529014	nt	snp	Forward	C	658_C	False	0	0	0
hsp65	hsp65	658_G	529014	529014	nt	snp	Forward	G	658_G	False	0	0	0
hsp65	hsp65	659_G	529015	529015	nt	snp	Forward	G	659_G	False	0	0	0
hsp65	hsp65	659_A	529015	529015	nt	snp	Forward	A	659_A	False	0	0	0
hsp65	hsp65	659_C	529015	529015	nt	snp	Forward	C	659_C	False	0	0	0
hsp65	hsp65	659_G	529015	529015	nt	snp	Forward	G	659_G	False	0	0	0
hsp65	hsp65	660_G	529016	529016	nt	snp	Forward	G	660_G	False	0	0	0
hsp65	hsp65	660_A	529016	529016	nt	snp	Forward	A	660_A	False	0	0	0
hsp65	hsp65	660_C	529016	529016	nt	snp	Forward	C	660_C	False	0	0	0
hsp65	hsp65	661_T	529017	529017	nt	snp	Forward	T	661_T	False	0	0	0
hsp65	hsp65	661_G	529017	529017	nt	snp	Forward	G	661_G	False	0	0	0
hsp65	hsp65	661_T	529017	529017	nt	snp	Forward	T	661_T	False	0	0	0
hsp65	hsp65	662_C	529018	529018	nt	snp	Forward	C	662_C	False	0	0	0
hsp65	hsp65	662_A	529018	529018	nt	snp	Forward	A	662_A	False	0	0	0
hsp65	hsp65	662_C	529018	529018	nt	snp	Forward	C	662_C	False	0	0	0
hsp65	hsp65	662_G	529018	529018	nt	snp	Forward	G	662_G	False	0	0	0
hsp65	hsp65	662_T	529018	529018	nt	snp	Forward	T	662_T	False	0	0	0
hsp65	hsp65	663_G	529019	529019	nt	snp	Forward	G	663_G	False	0	0	0
hsp65	hsp65	663_A	529019	529019	nt	snp	Forward	A	663_A	False	0	0	0
hsp65	hsp65	663_C	529019	529019	nt	snp	Forward	C	663_C	False	0	0	0
hsp65	hsp65	663_T	529019	529019	nt	snp	Forward	T	663_T	False	0	0	0
hsp65	hsp65	665_G	529021	529021	nt	snp	Forward	G	665_G	False	0	0	0
hsp65	hsp65	665_C	529021	529021	nt	snp	Forward	C	665_C	False	0	0	0
hsp65	hsp65	665_T	529021	529021	nt	snp	Forward	T	665_T	False	0	0	0
hsp65	hsp65	666_A	529022	529022	nt	snp	Forward	A	666_A	False	0	0	0
hsp65	hsp65	666_A	529022	529022	nt	snp	Forward	A	666_A	False	0	0	0
hsp65	hsp65	666_C	529022	529022	nt	snp	Forward	C	666_C	False	0	0	0
hsp65	hsp65	666_G	529022	529022	nt	snp	Forward	G	666_G	False	0	0	0
hsp65	hsp65	667_C	529023	529023	nt	snp	Forward	C	667_C	False	0	0	0
hsp65	hsp65	667_C	529023	529023	nt	snp	Forward	C	667_C	False	0	0	0
hsp65	hsp65	667_G	529023	529023	nt	snp	Forward	G	667_G	False	0	0	0
hsp65	hsp65	668_C	529024	529024	nt	snp	Forward	C	668_C	False	0	0	0
hsp65	hsp65	668_C	529024	529024	nt	snp	Forward	C	668_C	False	0	0	0
hsp65	hsp65	669_A	529025	529025	nt	snp	Forward	A	669_A	False	0	0	0
hsp65	hsp65	669_A	529025	529025	nt	snp	Forward	A	669_A	False	0	0	0
hsp65	hsp65	670_A	529026	529026	nt	snp	Forward	A	670_A	False	0	0	0
hsp65	hsp65	670_C	529026	529026	nt	snp	Forward	C	670_C	False	0	0	0
hsp65	hsp65	671_G	529027	529027	nt	snp	Forward	G	671_G	False	0	0	0
hsp65	hsp65	671_A	529027	529027	nt	snp	Forward	A	671_A	False	0	0	0
hsp65	hsp65	671_C	529027	529027	nt	snp	Forward	C	671_C	False	0	0	0
hsp65	hsp65	672_G	529028	529028	nt	snp	Forward	G	672_G	False	0	0	0
hsp65	hsp65	672_A	529028	529028	nt	snp	Forward	A	672_A	False	0	0	0
hsp65	hsp65	672_C	529028	529028	nt	snp	Forward	C	672_C	False	0	0	0
hsp65	hsp65	673_A	529029	529029	nt	snp	Forward	A	673_A	False	0	0	0
hsp65	hsp65	673_A	529029	529029	nt	snp	Forward	A	673_A	False	0	0	0
hsp65	hsp65	673_C	529029	529029	nt	snp	Forward	C	673_C	False	0	0	0
hsp65	hsp65	673_T	529029	529029	nt	snp	Forward	T	673_T	False	0	0	0
hsp65	hsp65	674_G	529030	529030	nt	snp	Forward	G	674_G	False	0	0	0
hsp65	hsp65	674_A	529030	529030	nt	snp	Forward	A	674_A	False	0	0	0
hsp65	hsp65	674_C	529030	529030	nt	snp	Forward	C	674_C	False	0	0	0
hsp65	hsp65	675_C	529031	529031	nt	snp	Forward	C	675_C	False	0	0	0
hsp65	hsp65	675_A	529031	529031	nt	snp	Forward	A	675_A	False	0	0	0
hsp65	hsp65	675_C	529031	529031	nt	snp	Forward	C	675_C	False	0	0	0
hsp65	hsp65	675_T	529031	529031	nt	snp	Forward	T	675_T	False	0	0	0
hsp65	hsp65	676_A	529032	529032	nt	snp	Forward	A	676_A	False	0	0	0
hsp65	hsp65	676_A	529032	529032	nt	snp	Forward	A	676_A	False	0	0	0
hsp65	hsp65	676_C	529032	529032	nt	snp	Forward	C	676_C	False	0	0	0
hsp65	hsp65	676_T	529032	529032	nt	snp	Forward	T	676_T	False	0	0	0
hsp65	hsp65	677_G	529033	529033	nt	snp	Forward	G	677_G	False	0	0	0
hsp65	hsp65	677_A	529033	529033	nt	snp	Forward	A	677_A	False	0	0	0
hsp65	hsp65	677_C	529033	529033	nt	snp	Forward	C	677_C	False	0	0	0
hsp65	hsp65	677_T	529033	529033	nt	snp	Forward	T	677_T	False	0	0	0
hsp65	hsp65	678_A	529034	529034	nt	snp	Forward	A	678_A	False	0	0	0
hsp65	hsp65	678_C	529034	529034	nt	snp	Forward	C	678_C	False	0	0	0
hsp65	hsp65	678_T	529034	529034	nt	snp	Forward	T	678_T	False	0	0	0
hsp65	hsp65	679_T	529035	529035	nt	snp	Forward	T	679_T	False	0	0	0
hsp65	hsp65	679_C	529035	529035	nt	snp	Forward	C	679_C	False	0	0	0
hsp65	hsp65	679_T	529035	529035	nt	snp	Forward	T	679_T	False	0	0	0
hsp65	hsp65	680_T	529036	529036	nt	snp	Forward	T	680_T	False	0	0	0
hsp65	hsp65	680_C	529036	529036	nt	snp	Forward	C	680_C	False	0	0	0
hsp65	hsp65	680_T	529036	529036	nt	snp	Forward	T	680_T	False	0	0	0
hsp65	hsp65	681_G	529037	529037	nt	snp	Forward	G	681_G	False	0	0	0
hsp65	hsp65	681_C	529037	529037	nt	snp	Forward	C	681_C	False	0	0	0
hsp65	hsp65	681_G	529037	529037	nt	snp	Forward	G	681_G	False	0	0	0
hsp65	hsp65	681_T	529037	529037	nt	snp	Forward	T	681_T	False	0	0	0
hsp65	hsp65	682_C	529038	529038	nt	snp	Forward	C	682_C	False	0	0	0
hsp65	hsp65	682_C	529038	529038	nt	snp	Forward	C	682_C	False	0	0	0
hsp65	hsp65	682_G	529038	529038	nt	snp	Forward	G	682_G	False	0	0	0
hsp65	hsp65	682_T	529038	529038	nt	snp	Forward	T	682_T	False	0	0	0
hsp65	hsp65	683_G	529039	529039	nt	snp	Forward	G	683_G	False	0	0	0
hsp65	hsp65	683_A	529039	529039	nt	snp	Forward	A	683_A	False	0	0	0
hsp65	hsp65	683_C	529039	529039	nt	snp	Forward	C	683_C	False	0	0	0
hsp65	hsp65	683_G	529039	529039	nt	snp	Forward	G	683_G	False	0	0	0
hsp65	hsp65	683_T	529039	529039	nt	snp	Forward	T	683_T	False	0	0	0
hsp65	hsp65	684_G	529040	529040	nt	snp	Forward	G	684_G	False	0	0	0
hsp65	hsp65	684_A	529040	529040	nt	snp	Forward	A	684_A	False	0	0	0
hsp65	hsp65	684_C	529040	529040	nt	snp	Forward	C	684_C	False	0	0	0
hsp65	hsp65	684_G	529040	529040	nt	snp	Forward	G	684_G	False	0	0	0
hsp65	hsp65	684_T	529040	529040	nt	snp	Forward	T	684_T	False	0	0	0
hsp65	hsp65	685_C	529041	529041	nt	snp	Forward	C	685_C	False	0	0	0
hsp65	hsp65	685_A	529041	529041	nt	snp	Forward	A	685_A	False	0	0	0
hsp65	hsp65	685_C	529041	529041	nt	snp	Forward	C	685_C	False	0	0	0
hsp65	hsp65	685_G	529041	529041	nt	snp	Forward	G	685_G	False	0	0	0
hsp65	hsp65	685_T	529041	529041	nt	snp	Forward	T	685_T	False	0	0	0
hsp65	hsp65	686_C	529042	529042	nt	snp	Forward	C	686_C	False	0	0	0
hsp65	hsp65	686_C	529042	529042	nt	snp	Forward	C	686_C	False	0	0	0
hsp65	hsp65	686_G	529042	529042	nt	snp	Forward	G	686_G	False	0	0	0
hsp65	hsp65	686_T	529042	529042	nt	snp	Forward	T	686_T	False	0	0	0
hsp65	hsp65	687_A	529043	529043	nt	snp	Forward	A	687_A	False	0	0	0
hsp65	hsp65	687_C	529043	529043	nt	snp	Forward	C	687_C	False	0	0	0
hsp65	hsp65	687_G	529043	529043	nt	snp	Forward	G	687_G	False	0	0	0
hsp65	hsp65	687_T	529043	529043	nt	snp	Forward	T	687_T	False	0	0	0
hsp65	hsp65	688_C	529044	529044	nt	snp	Forward	C	688_C	False	0	0	0
hsp65	hsp65	688_C	529044	529044	nt	snp	Forward	C	688_C	False	0	0	0
hsp65	hsp65	688_G	529044	529044	nt	snp	Forward	G	688_G	False	0	0	0
hsp65	hsp65	688_T	529044	529044	nt	snp	Forward	T	688_T	False	0	0	0
hsp65	hsp65	689_C	529045	529045	nt	snp	Forward	C	689_C	False	0	0	0
hsp65	hsp65	689_C	529045	529045	nt	snp	Forward	C	689_C	False	0	0	0
hsp65	hsp65	689_G	529045	529045	nt	snp	Forward	G	689_G	False	0	0	0
hsp65	hsp65	689_T	529045	529045	nt	snp	Forward	T	689_T	False	0	0	0
hsp65	hsp65	690_G	529046	529046	nt	snp	Forward	G	690_G	False	0	0	0
hsp65	hsp65	690_C	529046	529046	nt	snp	Forward	C	690_C	False	0	0	0
hsp65	hsp65	690_G	529046	529046	nt	snp	Forward	G	690_G	False	0	0	0
hsp65	hsp65	690_T	529046	529046	nt	snp	Forward	T	690_T	False	0	0	0
hsp65	hsp65	691_C	529047	529047	nt	snp	Forward	C	691_C	False	0	0	0
hsp65	hsp65	691_C	529047	529047	nt	snp	Forward	C	691_C	False	0	0	0
hsp65	hsp65	691_G	529047	529047	nt	snp	Forward	G	691_G	False	0	0	0
hsp65	hsp65	691_T	529047	529047	nt	snp	Forward	T	691_T	False	0	0	0
hsp65	hsp65	692_A	529048	529048	nt	snp	Forward	A	692_A	False	0	0	0
hsp65	hsp65	692_C	529048	529048	nt	snp	Forward	C	692_C	False	0	0	0
hsp65	hsp65	692_G	529048	529048	nt	snp	Forward	G	692_G	False	0	0	0
hsp65	hsp65	692_T	529048	529048	nt	snp	Forward	T	692_T	False	0	0	0
hsp65	hsp65	693_G	529049	529049	nt	snp	Forward	G	693_G	False	0	0	0
hsp65	hsp65	693_C	529049	529049	nt	snp	Forward	C	693_C	False	0	0	0
hsp65	hsp65	693_G	529049	529049	nt	snp	Forward	G	693_G	False	0	0	0
hsp65	hsp65	693_T	529049	529049	nt	snp	Forward	T	693_T	False	0	0	0
hsp65	hsp65	694_C	529050	529050	nt	snp	Forward	C	694_C	False	0	0	0
hsp65	hsp65	694_A	529050	529050	nt	snp	Forward	A	694_A	False	0	0	0
hsp65	hsp65	694_C	529050	529050	nt	snp	Forward	C	694_C	False	0	0	0
hsp65	hsp65	694_G	529050	529050	nt	snp	Forward	G	694_G	False	0	0	0
hsp65	hsp65	694_T	529050	529050	nt	snp	Forward	T	694_T	False	0	0	0
hsp65	hsp65	695_G	529051	529051	nt	snp	Forward	G	695_G	False	0	0	0
hsp65	hsp65	695_C	529051	529051	nt	snp	Forward	C	695_C	False	0	0	0
hsp65	hsp65	695_T	529051	529051	nt	snp	Forward	T	695_T	False	0	0	0
hsp65	hsp65	696_A	529052	529052	nt	snp	Forward	A	696_A	False	0	0	0
hsp65	hsp65	696_C	529052	529052	nt	snp	Forward	C	696_C	False	0	0	0
hsp65	hsp65	696_T	529052	529052	nt	snp	Forward	T	696_T	False	0	0	0
hsp65	hsp65	697_T	529053	529053	nt	snp	Forward	T	697_T	False	0	0	0
hsp65	hsp65	697_C	529053	529053	nt	snp	Forward	C	697_C	False	0	0	0
hsp65	hsp65	697_T	529053	529053	nt	snp	Forward	T	697_T	False	0	0	0
hsp65	hsp65	698_T	529054	529054	nt	snp	Forward	T	698_T	False	0	0	0
hsp65	hsp65	698_C	529054	529054	nt	snp	Forward	C	698_C	False	0	0	0
hsp65	hsp65	698_T	529054	529054	nt	snp	Forward	T	698_T	False	0	0	0
hsp65	hsp65	699_T	529055	529055	nt	snp	Forward	T	699_T	False	0	0	0
hsp65	hsp65	699_C	529055	529055	nt	snp	Forward	C	699_C	False	0	0	0
hsp65	hsp65	700_C	529056	529056	nt	snp	Forward	C	700_C	False	0	0	0
hsp65	hsp65	700_C	529056	529056	nt	snp	Forward	C	700_C	False	0	0	0
hsp65	hsp65	700_T	529056	529056	nt	snp	Forward	T	700_T	False	0	0	0
hsp65	hsp65	701_G	529057	529057	nt	snp	Forward	G	701_G	False	0	0	0
hsp65	hsp65	701_A	529057	529057	nt	snp	Forward	A	701_A	False	0	0	0
hsp65	hsp65	701_C	529057	529057	nt	snp	Forward	C	701_C	False	0	0	0
hsp65	hsp65	701_T	529057	529057	nt	snp	Forward	T	701_T	False	0	0	0
hsp65	hsp65	702_G	529058	529058	nt	snp	Forward	G	702_G	False	0	0	0
hsp65	hsp65	702_C	529058	529058	nt	snp	Forward	C	702_C	False	0	0	0
hsp65	hsp65	702_T	529058	529058	nt	snp	Forward	T	702_T	False	0	0	0
hsp65	hsp65	703_C	529059	529059	nt	snp	Forward	C	703_C	False	0	0	0
hsp65	hsp65	703_C	529059	529059	nt	snp	Forward	C	703_C	False	0	0	0
hsp65	hsp65	703_G	529059	529059	nt	snp	Forward	G	703_G	False	0	0	0
hsp65	hsp65	703_T	529059	529059	nt	snp	Forward	T	703_T	False	0	0	0
hsp65	hsp65	704_G	529060	529060	nt	snp	Forward	G	704_G	False	0	0	0
hsp65	hsp65	704_C	529060	529060	nt	snp	Forward	C	704_C	False	0	0	0
hsp65	hsp65	704_G	529060	529060	nt	snp	Forward	G	704_G	False	0	0	0
hsp65	hsp65	704_T	529060	529060	nt	snp	Forward	T	704_T	False	0	0	0
hsp65	hsp65	705_G	529061	529061	nt	snp	Forward	G	705_G	False	0	0	0
hsp65	hsp65	705_A	529061	529061	nt	snp	Forward	A	705_A	False	0	0	0
hsp65	hsp65	705_C	529061	529061	nt	snp	Forward	C	705_C	False	0	0	0
hsp65	hsp65	705_G	529061	529061	nt	snp	Forward	G	705_G	False	0	0	0
hsp65	hsp65	705_T	529061	529061	nt	snp	Forward	T	705_T	False	0	0	0
hsp65	hsp65	706_G	529062	529062	nt	snp	Forward	G	706_G	False	0	0	0
hsp65	hsp65	706_A	529062	529062	nt	snp	Forward	A	706_A	False	0	0	0
hsp65	hsp65	706_C	529062	529062	nt	snp	Forward	C	706_C	False	0	0	0
hsp65	hsp65	706_G	529062	529062	nt	snp	Forward	G	706_G	False	0	0	0
hsp65	hsp65	707_T	529063	529063	nt	snp	Forward	T	707_T	False	0	0	0
hsp65	hsp65	707_A	529063	529063	nt	snp	Forward	A	707_A	False	0	0	0
hsp65	hsp65	707_C	529063	529063	nt	snp	Forward	C	707_C	False	0	0	0
hsp65	hsp65	707_T	529063	529063	nt	snp	Forward	T	707_T	False	0	0	0
hsp65	hsp65	708_G	529064	529064	nt	snp	Forward	G	708_G	False	0	0	0
hsp65	hsp65	708_G	529064	529064	nt	snp	Forward	G	708_G	False	0	0	0
hsp65	hsp65	709_A	529065	529065	nt	snp	Forward	A	709_A	False	0	0	0
hsp65	hsp65	709_A	529065	529065	nt	snp	Forward	A	709_A	False	0	0	0
hsp65	hsp65	709_G	529065	529065	nt	snp	Forward	G	709_G	False	0	0	0
hsp65	hsp65	710_C	529066	529066	nt	snp	Forward	C	710_C	False	0	0	0
hsp65	hsp65	710_A	529066	529066	nt	snp	Forward	A	710_A	False	0	0	0
hsp65	hsp65	710_G	529066	529066	nt	snp	Forward	G	710_G	False	0	0	0
hsp65	hsp65	711_C	529067	529067	nt	snp	Forward	C	711_C	False	0	0	0
hsp65	hsp65	711_A	529067	529067	nt	snp	Forward	A	711_A	False	0	0	0
hsp65	hsp65	711_G	529067	529067	nt	snp	Forward	G	711_G	False	0	0	0
hsp65	hsp65	712_A	529068	529068	nt	snp	Forward	A	712_A	False	0	0	0
hsp65	hsp65	712_A	529068	529068	nt	snp	Forward	A	712_A	False	0	0	0
hsp65	hsp65	712_C	529068	529068	nt	snp	Forward	C	712_C	False	0	0	0
hsp65	hsp65	712_G	529068	529068	nt	snp	Forward	G	712_G	False	0	0	0
hsp65	hsp65	713_G	529069	529069	nt	snp	Forward	G	713_G	False	0	0	0
hsp65	hsp65	713_A	529069	529069	nt	snp	Forward	A	713_A	False	0	0	0
hsp65	hsp65	713_C	529069	529069	nt	snp	Forward	C	713_C	False	0	0	0
hsp65	hsp65	713_G	529069	529069	nt	snp	Forward	G	713_G	False	0	0	0
hsp65	hsp65	714_T	529070	529070	nt	snp	Forward	T	714_T	False	0	0	0
hsp65	hsp65	714_A	529070	529070	nt	snp	Forward	A	714_A	False	0	0	0
hsp65	hsp65	714_C	529070	529070	nt	snp	Forward	C	714_C	False	0	0	0
hsp65	hsp65	714_G	529070	529070	nt	snp	Forward	G	714_G	False	0	0	0
hsp65	hsp65	715_C	529071	529071	nt	snp	Forward	C	715_C	False	0	0	0
hsp65	hsp65	715_C	529071	529071	nt	snp	Forward	C	715_C	False	0	0	0
hsp65	hsp65	715_G	529071	529071	nt	snp	Forward	G	715_G	False	0	0	0
hsp65	hsp65	716_C	529072	529072	nt	snp	Forward	C	716_C	False	0	0	0
hsp65	hsp65	716_C	529072	529072	nt	snp	Forward	C	716_C	False	0	0	0
hsp65	hsp65	716_G	529072	529072	nt	snp	Forward	G	716_G	False	0	0	0
hsp65	hsp65	717_A	529073	529073	nt	snp	Forward	A	717_A	False	0	0	0
hsp65	hsp65	717_C	529073	529073	nt	snp	Forward	C	717_C	False	0	0	0
hsp65	hsp65	717_T	529073	529073	nt	snp	Forward	T	717_T	False	0	0	0
hsp65	hsp65	718_T	529074	529074	nt	snp	Forward	T	718_T	False	0	0	0
hsp65	hsp65	718_C	529074	529074	nt	snp	Forward	C	718_C	False	0	0	0
hsp65	hsp65	718_G	529074	529074	nt	snp	Forward	G	718_G	False	0	0	0
hsp65	hsp65	719_C	529075	529075	nt	snp	Forward	C	719_C	False	0	0	0
hsp65	hsp65	719_C	529075	529075	nt	snp	Forward	C	719_C	False	0	0	0
hsp65	hsp65	719_G	529075	529075	nt	snp	Forward	G	719_G	False	0	0	0
hsp65	hsp65	719_T	529075	529075	nt	snp	Forward	T	719_T	False	0	0	0
hsp65	hsp65	720_G	529076	529076	nt	snp	Forward	G	720_G	False	0	0	0
hsp65	hsp65	720_C	529076	529076	nt	snp	Forward	C	720_C	False	0	0	0
hsp65	hsp65	720_G	529076	529076	nt	snp	Forward	G	720_G	False	0	0	0
hsp65	hsp65	720_T	529076	529076	nt	snp	Forward	T	720_T	False	0	0	0
hsp65	hsp65	721_G	529077	529077	nt	snp	Forward	G	721_G	False	0	0	0
hsp65	hsp65	721_C	529077	529077	nt	snp	Forward	C	721_C	False	0	0	0
hsp65	hsp65	721_G	529077	529077	nt	snp	Forward	G	721_G	False	0	0	0
hsp65	hsp65	722_T	529078	529078	nt	snp	Forward	T	722_T	False	0	0	0
hsp65	hsp65	722_C	529078	529078	nt	snp	Forward	C	722_C	False	0	0	0
hsp65	hsp65	722_G	529078	529078	nt	snp	Forward	G	722_G	False	0	0	0
hsp65	hsp65	722_T	529078	529078	nt	snp	Forward	T	722_T	False	0	0	0
hsp65	hsp65	723_G	529079	529079	nt	snp	Forward	G	723_G	False	0	0	0
hsp65	hsp65	723_C	529079	529079	nt	snp	Forward	C	723_C	False	0	0	0
hsp65	hsp65	723_G	529079	529079	nt	snp	Forward	G	723_G	False	0	0	0
hsp65	hsp65	723_T	529079	529079	nt	snp	Forward	T	723_T	False	0	0	0
hsp65	hsp65	724_A	529080	529080	nt	snp	Forward	A	724_A	False	0	0	0
hsp65	hsp65	724_C	529080	529080	nt	snp	Forward	C	724_C	False	0	0	0
hsp65	hsp65	724_G	529080	529080	nt	snp	Forward	G	724_G	False	0	0	0
hsp65	hsp65	724_T	529080	529080	nt	snp	Forward	T	724_T	False	0	0	0
hsp65	hsp65	725_C	529081	529081	nt	snp	Forward	C	725_C	False	0	0	0
hsp65	hsp65	725_G	529081	529081	nt	snp	Forward	G	725_G	False	0	0	0
hsp65	hsp65	725_T	529081	529081	nt	snp	Forward	T	725_T	False	0	0	0
hsp65	hsp65	726_C	529082	529082	nt	snp	Forward	C	726_C	False	0	0	0
hsp65	hsp65	726_C	529082	529082	nt	snp	Forward	C	726_C	False	0	0	0
hsp65	hsp65	726_T	529082	529082	nt	snp	Forward	T	726_T	False	0	0	0
hsp65	hsp65	727_T	529083	529083	nt	snp	Forward	T	727_T	False	0	0	0
hsp65	hsp65	727_C	529083	529083	nt	snp	Forward	C	727_C	False	0	0	0
hsp65	hsp65	727_T	529083	529083	nt	snp	Forward	T	727_T	False	0	0	0
hsp65	hsp65	728_G	529084	529084	nt	snp	Forward	G	728_G	False	0	0	0
hsp65	hsp65	728_C	529084	529084	nt	snp	Forward	C	728_C	False	0	0	0
hsp65	hsp65	731_C	529087	529087	nt	snp	Forward	C	731_C	False	0	0	0
hsp65	hsp65	731_C	529087	529087	nt	snp	Forward	C	731_C	False	0	0	0
hsp65	hsp65	731_T	529087	529087	nt	snp	Forward	T	731_T	False	0	0	0
hsp65	hsp65	732_G	529088	529088	nt	snp	Forward	G	732_G	False	0	0	0
hsp65	hsp65	732_C	529088	529088	nt	snp	Forward	C	732_C	False	0	0	0
hsp65	hsp65	733_C	529089	529089	nt	snp	Forward	C	733_C	False	0	0	0
hsp65	hsp65	733_A	529089	529089	nt	snp	Forward	A	733_A	False	0	0	0
hsp65	hsp65	733_C	529089	529089	nt	snp	Forward	C	733_C	False	0	0	0
hsp65	hsp65	734_C	529090	529090	nt	snp	Forward	C	734_C	False	0	0	0
hsp65	hsp65	734_C	529090	529090	nt	snp	Forward	C	734_C	False	0	0	0
hsp65	hsp65	735_G	529091	529091	nt	snp	Forward	G	735_G	False	0	0	0
hsp65	hsp65	735_C	529091	529091	nt	snp	Forward	C	735_C	False	0	0	0
hsp65	hsp65	736_A	529092	529092	nt	snp	Forward	A	736_A	False	0	0	0
hsp65	hsp65	736_A	529092	529092	nt	snp	Forward	A	736_A	False	0	0	0
hsp65	hsp65	736_C	529092	529092	nt	snp	Forward	C	736_C	False	0	0	0
hsp65	hsp65	736_T	529092	529092	nt	snp	Forward	T	736_T	False	0	0	0
hsp65	hsp65	737_G	529093	529093	nt	snp	Forward	G	737_G	False	0	0	0
hsp65	hsp65	737_C	529093	529093	nt	snp	Forward	C	737_C	False	0	0	0
hsp65	hsp65	738_G	529094	529094	nt	snp	Forward	G	738_G	False	0	0	0
hsp65	hsp65	738_C	529094	529094	nt	snp	Forward	C	738_C	False	0	0	0
hsp65	hsp65	739_C	529095	529095	nt	snp	Forward	C	739_C	False	0	0	0
hsp65	hsp65	739_A	529095	529095	nt	snp	Forward	A	739_A	False	0	0	0
hsp65	hsp65	739_C	529095	529095	nt	snp	Forward	C	739_C	False	0	0	0
hsp65	hsp65	739_T	529095	529095	nt	snp	Forward	T	739_T	False	0	0	0
hsp65	hsp65	740_G	529096	529096	nt	snp	Forward	G	740_G	False	0	0	0
hsp65	hsp65	740_C	529096	529096	nt	snp	Forward	C	740_C	False	0	0	0
hsp65	hsp65	741_A	529097	529097	nt	snp	Forward	A	741_A	False	0	0	0
hsp65	hsp65	741_C	529097	529097	nt	snp	Forward	C	741_C	False	0	0	0
hsp65	hsp65	743_G	529099	529099	nt	snp	Forward	G	743_G	False	0	0	0
hsp65	hsp65	743_C	529099	529099	nt	snp	Forward	C	743_C	False	0	0	0
hsp65	hsp65	743_T	529099	529099	nt	snp	Forward	T	743_T	False	0	0	0
hsp65	hsp65	744_G	529100	529100	nt	snp	Forward	G	744_G	False	0	0	0
hsp65	hsp65	744_A	529100	529100	nt	snp	Forward	A	744_A	False	0	0	0
hsp65	hsp65	744_C	529100	529100	nt	snp	Forward	C	744_C	False	0	0	0
hsp65	hsp65	744_T	529100	529100	nt	snp	Forward	T	744_T	False	0	0	0
hsp65	hsp65	745_A	529101	529101	nt	snp	Forward	A	745_A	False	0	0	0
hsp65	hsp65	745_A	529101	529101	nt	snp	Forward	A	745_A	False	0	0	0
hsp65	hsp65	745_C	529101	529101	nt	snp	Forward	C	745_C	False	0	0	0
hsp65	hsp65	745_T	529101	529101	nt	snp	Forward	T	745_T	False	0	0	0
hsp65	hsp65	746_C	529102	529102	nt	snp	Forward	C	746_C	False	0	0	0
hsp65	hsp65	746_A	529102	529102	nt	snp	Forward	A	746_A	False	0	0	0
hsp65	hsp65	746_C	529102	529102	nt	snp	Forward	C	746_C	False	0	0	0
hsp65	hsp65	746_T	529102	529102	nt	snp	Forward	T	746_T	False	0	0	0
hsp65	hsp65	747_A	529103	529103	nt	snp	Forward	A	747_A	False	0	0	0
hsp65	hsp65	747_A	529103	529103	nt	snp	Forward	A	747_A	False	0	0	0
hsp65	hsp65	747_C	529103	529103	nt	snp	Forward	C	747_C	False	0	0	0
hsp65	hsp65	747_T	529103	529103	nt	snp	Forward	T	747_T	False	0	0	0
hsp65	hsp65	748_A	529104	529104	nt	snp	Forward	A	748_A	False	0	0	0
hsp65	hsp65	748_C	529104	529104	nt	snp	Forward	C	748_C	False	0	0	0
hsp65	hsp65	748_T	529104	529104	nt	snp	Forward	T	748_T	False	0	0	0
hsp65	hsp65	749_G	529105	529105	nt	snp	Forward	G	749_G	False	0	0	0
hsp65	hsp65	749_C	529105	529105	nt	snp	Forward	C	749_C	False	0	0	0
hsp65	hsp65	749_T	529105	529105	nt	snp	Forward	T	749_T	False	0	0	0
hsp65	hsp65	750_G	529106	529106	nt	snp	Forward	G	750_G	False	0	0	0
hsp65	hsp65	750_C	529106	529106	nt	snp	Forward	C	750_C	False	0	0	0
hsp65	hsp65	751_T	529107	529107	nt	snp	Forward	T	751_T	False	0	0	0
hsp65	hsp65	751_C	529107	529107	nt	snp	Forward	C	751_C	False	0	0	0
hsp65	hsp65	751_T	529107	529107	nt	snp	Forward	T	751_T	False	0	0	0
hsp65	hsp65	752_G	529108	529108	nt	snp	Forward	G	752_G	False	0	0	0
hsp65	hsp65	752_C	529108	529108	nt	snp	Forward	C	752_C	False	0	0	0
hsp65	hsp65	752_T	529108	529108	nt	snp	Forward	T	752_T	False	0	0	0
hsp65	hsp65	753_G	529109	529109	nt	snp	Forward	G	753_G	False	0	0	0
hsp65	hsp65	753_A	529109	529109	nt	snp	Forward	A	753_A	False	0	0	0
hsp65	hsp65	753_T	529109	529109	nt	snp	Forward	T	753_T	False	0	0	0
hsp65	hsp65	755_C	529111	529111	nt	snp	Forward	C	755_C	False	0	0	0
hsp65	hsp65	755_T	529111	529111	nt	snp	Forward	T	755_T	False	0	0	0
hsp65	hsp65	756_A	529112	529112	nt	snp	Forward	A	756_A	False	0	0	0
hsp65	hsp65	756_A	529112	529112	nt	snp	Forward	A	756_A	False	0	0	0
hsp65	hsp65	756_T	529112	529112	nt	snp	Forward	T	756_T	False	0	0	0
hsp65	hsp65	757_A	529113	529113	nt	snp	Forward	A	757_A	False	0	0	0
hsp65	hsp65	757_A	529113	529113	nt	snp	Forward	A	757_A	False	0	0	0
hsp65	hsp65	757_T	529113	529113	nt	snp	Forward	T	757_T	False	0	0	0
hsp65	hsp65	758_C	529114	529114	nt	snp	Forward	C	758_C	False	0	0	0
hsp65	hsp65	758_T	529114	529114	nt	snp	Forward	T	758_T	False	0	0	0
hsp65	hsp65	759_G	529115	529115	nt	snp	Forward	G	759_G	False	0	0	0
hsp65	hsp65	759_A	529115	529115	nt	snp	Forward	A	759_A	False	0	0	0
hsp65	hsp65	759_T	529115	529115	nt	snp	Forward	T	759_T	False	0	0	0
hsp65	hsp65	760_A	529116	529116	nt	snp	Forward	A	760_A	False	0	0	0
hsp65	hsp65	760_T	529116	529116	nt	snp	Forward	T	760_T	False	0	0	0
hsp65	hsp65	761_G	529117	529117	nt	snp	Forward	G	761_G	False	0	0	0
hsp65	hsp65	761_A	529117	529117	nt	snp	Forward	A	761_A	False	0	0	0
hsp65	hsp65	761_T	529117	529117	nt	snp	Forward	T	761_T	False	0	0	0
hsp65	hsp65	762_G	529118	529118	nt	snp	Forward	G	762_G	False	0	0	0
hsp65	hsp65	762_T	529118	529118	nt	snp	Forward	T	762_T	False	0	0	0
hsp65	hsp65	763_G	529119	529119	nt	snp	Forward	G	763_G	False	0	0	0
hsp65	hsp65	763_G	529119	529119	nt	snp	Forward	G	763_G	False	0	0	0
hsp65	hsp65	763_T	529119	529119	nt	snp	Forward	T	763_T	False	0	0	0
hsp65	hsp65	764_C	529120	529120	nt	snp	Forward	C	764_C	False	0	0	0
hsp65	hsp65	764_A	529120	529120	nt	snp	Forward	A	764_A	False	0	0	0
hsp65	hsp65	764_G	529120	529120	nt	snp	Forward	G	764_G	False	0	0	0
hsp65	hsp65	764_T	529120	529120	nt	snp	Forward	T	764_T	False	0	0	0
hsp65	hsp65	770_C	529126	529126	nt	snp	Forward	C	770_C	False	0	0	0
hsp65	hsp65	770_A	529126	529126	nt	snp	Forward	A	770_A	False	0	0	0
hsp65	hsp65	770_G	529126	529126	nt	snp	Forward	G	770_G	False	0	0	0
hsp65	hsp65	773_C	529129	529129	nt	snp	Forward	C	773_C	False	0	0	0
hsp65	hsp65	773_A	529129	529129	nt	snp	Forward	A	773_A	False	0	0	0
hsp65	hsp65	773_G	529129	529129	nt	snp	Forward	G	773_G	False	0	0	0
hsp65	hsp65	773_T	529129	529129	nt	snp	Forward	T	773_T	False	0	0	0
hsp65	hsp65	774_G	529130	529130	nt	snp	Forward	G	774_G	False	0	0	0
hsp65	hsp65	774_A	529130	529130	nt	snp	Forward	A	774_A	False	0	0	0
hsp65	hsp65	774_G	529130	529130	nt	snp	Forward	G	774_G	False	0	0	0
hsp65	hsp65	775_T	529131	529131	nt	snp	Forward	T	775_T	False	0	0	0
hsp65	hsp65	775_A	529131	529131	nt	snp	Forward	A	775_A	False	0	0	0
hsp65	hsp65	775_G	529131	529131	nt	snp	Forward	G	775_G	False	0	0	0
hsp65	hsp65	776_C	529132	529132	nt	snp	Forward	C	776_C	False	0	0	0
hsp65	hsp65	776_A	529132	529132	nt	snp	Forward	A	776_A	False	0	0	0
hsp65	hsp65	776_G	529132	529132	nt	snp	Forward	G	776_G	False	0	0	0
hsp65	hsp65	777_G	529133	529133	nt	snp	Forward	G	777_G	False	0	0	0
hsp65	hsp65	777_G	529133	529133	nt	snp	Forward	G	777_G	False	0	0	0
hsp65	hsp65	778_A	529134	529134	nt	snp	Forward	A	778_A	False	0	0	0
hsp65	hsp65	778_A	529134	529134	nt	snp	Forward	A	778_A	False	0	0	0
hsp65	hsp65	778_G	529134	529134	nt	snp	Forward	G	778_G	False	0	0	0
hsp65	hsp65	779_G	529135	529135	nt	snp	Forward	G	779_G	False	0	0	0
hsp65	hsp65	779_A	529135	529135	nt	snp	Forward	A	779_A	False	0	0	0
hsp65	hsp65	779_G	529135	529135	nt	snp	Forward	G	779_G	False	0	0	0
hsp65	hsp65	780_G	529136	529136	nt	snp	Forward	G	780_G	False	0	0	0
hsp65	hsp65	780_A	529136	529136	nt	snp	Forward	A	780_A	False	0	0	0
hsp65	hsp65	780_G	529136	529136	nt	snp	Forward	G	780_G	False	0	0	0
hsp65	hsp65	781_A	529137	529137	nt	snp	Forward	A	781_A	False	0	0	0
hsp65	hsp65	781_A	529137	529137	nt	snp	Forward	A	781_A	False	0	0	0
hsp65	hsp65	781_G	529137	529137	nt	snp	Forward	G	781_G	False	0	0	0
hsp65	hsp65	782_G	529138	529138	nt	snp	Forward	G	782_G	False	0	0	0
hsp65	hsp65	782_A	529138	529138	nt	snp	Forward	A	782_A	False	0	0	0
hsp65	hsp65	782_G	529138	529138	nt	snp	Forward	G	782_G	False	0	0	0
hsp65	hsp65	783_T	529139	529139	nt	snp	Forward	T	783_T	False	0	0	0
hsp65	hsp65	783_A	529139	529139	nt	snp	Forward	A	783_A	False	0	0	0
hsp65	hsp65	783_C	529139	529139	nt	snp	Forward	C	783_C	False	0	0	0
hsp65	hsp65	783_G	529139	529139	nt	snp	Forward	G	783_G	False	0	0	0
hsp65	hsp65	783_T	529139	529139	nt	snp	Forward	T	783_T	False	0	0	0
hsp65	hsp65	784_C	529140	529140	nt	snp	Forward	C	784_C	False	0	0	0
hsp65	hsp65	784_C	529140	529140	nt	snp	Forward	C	784_C	False	0	0	0
hsp65	hsp65	784_G	529140	529140	nt	snp	Forward	G	784_G	False	0	0	0
hsp65	hsp65	785_C	529141	529141	nt	snp	Forward	C	785_C	False	0	0	0
hsp65	hsp65	785_C	529141	529141	nt	snp	Forward	C	785_C	False	0	0	0
hsp65	hsp65	785_G	529141	529141	nt	snp	Forward	G	785_G	False	0	0	0
hsp65	hsp65	786_A	529142	529142	nt	snp	Forward	A	786_A	False	0	0	0
hsp65	hsp65	786_C	529142	529142	nt	snp	Forward	C	786_C	False	0	0	0
hsp65	hsp65	786_G	529142	529142	nt	snp	Forward	G	786_G	False	0	0	0
hsp65	hsp65	787_A	529143	529143	nt	snp	Forward	A	787_A	False	0	0	0
hsp65	hsp65	787_C	529143	529143	nt	snp	Forward	C	787_C	False	0	0	0
hsp65	hsp65	787_G	529143	529143	nt	snp	Forward	G	787_G	False	0	0	0
hsp65	hsp65	788_C	529144	529144	nt	snp	Forward	C	788_C	False	0	0	0
hsp65	hsp65	788_C	529144	529144	nt	snp	Forward	C	788_C	False	0	0	0
hsp65	hsp65	788_G	529144	529144	nt	snp	Forward	G	788_G	False	0	0	0
hsp65	hsp65	789_A	529145	529145	nt	snp	Forward	A	789_A	False	0	0	0
hsp65	hsp65	789_C	529145	529145	nt	snp	Forward	C	789_C	False	0	0	0
hsp65	hsp65	790_C	529146	529146	nt	snp	Forward	C	790_C	False	0	0	0
hsp65	hsp65	790_C	529146	529146	nt	snp	Forward	C	790_C	False	0	0	0
hsp65	hsp65	790_T	529146	529146	nt	snp	Forward	T	790_T	False	0	0	0
hsp65	hsp65	791_C	529147	529147	nt	snp	Forward	C	791_C	False	0	0	0
hsp65	hsp65	791_C	529147	529147	nt	snp	Forward	C	791_C	False	0	0	0
hsp65	hsp65	791_T	529147	529147	nt	snp	Forward	T	791_T	False	0	0	0
hsp65	hsp65	792_T	529148	529148	nt	snp	Forward	T	792_T	False	0	0	0
hsp65	hsp65	792_C	529148	529148	nt	snp	Forward	C	792_C	False	0	0	0
hsp65	hsp65	793_T	529149	529149	nt	snp	Forward	T	793_T	False	0	0	0
hsp65	hsp65	793_C	529149	529149	nt	snp	Forward	C	793_C	False	0	0	0
hsp65	hsp65	793_T	529149	529149	nt	snp	Forward	T	793_T	False	0	0	0
hsp65	hsp65	794_T	529150	529150	nt	snp	Forward	T	794_T	False	0	0	0
hsp65	hsp65	794_C	529150	529150	nt	snp	Forward	C	794_C	False	0	0	0
hsp65	hsp65	794_T	529150	529150	nt	snp	Forward	T	794_T	False	0	0	0
hsp65	hsp65	795_G	529151	529151	nt	snp	Forward	G	795_G	False	0	0	0
hsp65	hsp65	795_C	529151	529151	nt	snp	Forward	C	795_C	False	0	0	0
hsp65	hsp65	795_T	529151	529151	nt	snp	Forward	T	795_T	False	0	0	0
hsp65	hsp65	796_G	529152	529152	nt	snp	Forward	G	796_G	False	0	0	0
hsp65	hsp65	796_A	529152	529152	nt	snp	Forward	A	796_A	False	0	0	0
hsp65	hsp65	796_C	529152	529152	nt	snp	Forward	C	796_C	False	0	0	0
hsp65	hsp65	796_T	529152	529152	nt	snp	Forward	T	796_T	False	0	0	0
hsp65	hsp65	797_G	529153	529153	nt	snp	Forward	G	797_G	False	0	0	0
hsp65	hsp65	797_A	529153	529153	nt	snp	Forward	A	797_A	False	0	0	0
hsp65	hsp65	797_C	529153	529153	nt	snp	Forward	C	797_C	False	0	0	0
hsp65	hsp65	798_C	529154	529154	nt	snp	Forward	C	798_C	False	0	0	0
hsp65	hsp65	798_A	529154	529154	nt	snp	Forward	A	798_A	False	0	0	0
hsp65	hsp65	798_G	529154	529154	nt	snp	Forward	G	798_G	False	0	0	0
hsp65	hsp65	799_T	529155	529155	nt	snp	Forward	T	799_T	False	0	0	0
hsp65	hsp65	799_G	529155	529155	nt	snp	Forward	G	799_G	False	0	0	0
hsp65	hsp65	800_G	529156	529156	nt	snp	Forward	G	800_G	False	0	0	0
hsp65	hsp65	800_G	529156	529156	nt	snp	Forward	G	800_G	False	0	0	0
hsp65	hsp65	801_C	529157	529157	nt	snp	Forward	C	801_C	False	0	0	0
hsp65	hsp65	801_G	529157	529157	nt	snp	Forward	G	801_G	False	0	0	0
hsp65	hsp65	802_A	529158	529158	nt	snp	Forward	A	802_A	False	0	0	0
hsp65	hsp65	802_G	529158	529158	nt	snp	Forward	G	802_G	False	0	0	0
hsp65	hsp65	802_T	529158	529158	nt	snp	Forward	T	802_T	False	0	0	0
hsp65	hsp65	803_G	529159	529159	nt	snp	Forward	G	803_G	False	0	0	0
hsp65	hsp65	803_A	529159	529159	nt	snp	Forward	A	803_A	False	0	0	0
hsp65	hsp65	803_G	529159	529159	nt	snp	Forward	G	803_G	False	0	0	0
hsp65	hsp65	803_T	529159	529159	nt	snp	Forward	T	803_T	False	0	0	0
hsp65	hsp65	804_C	529160	529160	nt	snp	Forward	C	804_C	False	0	0	0
hsp65	hsp65	804_A	529160	529160	nt	snp	Forward	A	804_A	False	0	0	0
hsp65	hsp65	804_G	529160	529160	nt	snp	Forward	G	804_G	False	0	0	0
hsp65	hsp65	805_T	529161	529161	nt	snp	Forward	T	805_T	False	0	0	0
hsp65	hsp65	805_G	529161	529161	nt	snp	Forward	G	805_G	False	0	0	0
hsp65	hsp65	805_T	529161	529161	nt	snp	Forward	T	805_T	False	0	0	0
hsp65	hsp65	806_C	529162	529162	nt	snp	Forward	C	806_C	False	0	0	0
hsp65	hsp65	806_G	529162	529162	nt	snp	Forward	G	806_G	False	0	0	0
hsp65	hsp65	806_T	529162	529162	nt	snp	Forward	T	806_T	False	0	0	0
